model_name,split,scope,n_rows,nominal_coverage,empirical_coverage,median_half_width_log,median_interval_factor,rmsle,is_blind,feature_mahalanobis
ipb98y2_analytic,grouped_cv,ASDEX,431,0.9,0.974477958236659,0.32730664922323993,1.3872268039858018,0.13144904229087115,False,5.187342932450245
ipb98y2_analytic,grouped_cv,AUG,1377,0.9,0.9114015976761075,0.32730664922323993,1.3872268039858018,0.19736765638784137,False,1.2399939601552896
ipb98y2_analytic,grouped_cv,AUGW,767,0.9,0.910039113428944,0.32730664922323993,1.3872268039858018,0.21832511500257962,False,1.6457652294950753
ipb98y2_analytic,grouped_cv,CMOD,45,0.9,0.9777777777777777,0.32730664922323993,1.3872268039858018,0.1193554844659295,False,6.937744525296737
ipb98y2_analytic,grouped_cv,COMPASS,15,0.9,0.8,0.32730664922323993,1.3872268039858018,0.2525074590966852,False,
ipb98y2_analytic,grouped_cv,D3D,388,0.9,0.7654639175257731,0.32730664922323993,1.3872268039858018,0.25193607071646484,False,1.1410663145491857
ipb98y2_analytic,grouped_cv,JET,1762,0.9,0.9653802497162316,0.32730664922323993,1.3872268039858018,0.14786640407873294,False,2.189768389167002
ipb98y2_analytic,grouped_cv,JETILW,866,0.9,0.7702078521939953,0.32730664922323993,1.3872268039858018,0.256629652478898,False,1.7024302608804454
ipb98y2_analytic,grouped_cv,JFT2M,69,0.9,1.0,0.32730664922323993,1.3872268039858018,0.0945692941473851,False,5.434784443628557
ipb98y2_analytic,grouped_cv,JT60U,100,0.9,0.71,0.3252016904082917,1.3843098198392259,0.27484798427571655,False,2.483394451114324
ipb98y2_analytic,grouped_cv,MAST,39,0.9,1.0,0.32730664922323993,1.3872268039858018,0.13643102648798278,False,5.375921749336576
ipb98y2_analytic,grouped_cv,NSTX,185,0.9,0.8756756756756757,0.32730664922323993,1.3872268039858018,0.22222938608255652,False,7.8308993076380045
ipb98y2_analytic,grouped_cv,PBXM,59,0.9,0.9830508474576272,0.32730664922323993,1.3872268039858018,0.17167843282810225,False,10.18020691511417
ipb98y2_analytic,grouped_cv,PDX,97,0.9,0.8350515463917526,0.32730664922323993,1.3872268039858018,0.2270798419649088,False,4.045943810544166
ipb98y2_analytic,grouped_cv,START,8,0.9,0.875,0.3337392874626586,1.3961790947261488,0.22868091683041314,False,
ipb98y2_analytic,grouped_cv,TCV,11,0.9,0.18181818181818182,0.3223703286146038,1.380395881407285,0.49901403237527603,False,
ipb98y2_analytic,grouped_cv,TDEV,7,0.9,1.0,0.32730664922323993,1.3872268039858018,0.0923142827882499,False,
ipb98y2_analytic,grouped_cv,TFTR,2,0.9,1.0,0.33778344617005607,1.4018368973838984,0.17906413557770298,False,
mean_baseline,grouped_cv,ASDEX,431,0.9,0.62877030162413,1.3878787702168522,4.006342659744886,1.3204808934462289,True,5.187342932450245
mean_baseline,grouped_cv,AUG,1377,0.9,0.9956427015250545,1.3878787702168522,4.006342659744886,0.4430062929680071,True,1.2399939601552896
mean_baseline,grouped_cv,AUGW,767,0.9,0.9687092568448501,1.3878787702168522,4.006342659744886,0.6579343793691728,True,1.6457652294950753
mean_baseline,grouped_cv,CMOD,45,0.9,1.0,1.3878787702168522,4.006342659744886,0.7419311776522065,True,6.937744525296737
mean_baseline,grouped_cv,COMPASS,15,0.9,0.0,1.3878787702168522,4.006342659744886,2.2696721435958165,True,
mean_baseline,grouped_cv,D3D,388,0.9,1.0,1.3878787702168522,4.006342659744886,0.3977050201537883,True,1.1410663145491857
mean_baseline,grouped_cv,JET,1762,0.9,0.8706015891032917,1.3878787702168522,4.006342659744886,1.0555960144140755,True,2.189768389167002
mean_baseline,grouped_cv,JETILW,866,0.9,1.0,1.3878787702168522,4.006342659744886,0.5203465904566122,True,1.7024302608804454
mean_baseline,grouped_cv,JFT2M,69,0.9,0.14492753623188406,1.3878787702168522,4.006342659744886,1.6090276847267893,True,5.434784443628557
mean_baseline,grouped_cv,JT60U,100,0.9,1.0,1.3931195589137082,4.027394170147553,0.47598369899370757,True,2.483394451114324
mean_baseline,grouped_cv,MAST,39,0.9,0.7948717948717948,1.3878787702168522,4.006342659744886,1.2355893574092638,True,5.375921749336576
mean_baseline,grouped_cv,NSTX,185,0.9,0.7243243243243244,1.3878787702168522,4.006342659744886,1.2879952084128872,True,7.8308993076380045
mean_baseline,grouped_cv,PBXM,59,0.9,0.9661016949152542,1.3878787702168522,4.006342659744886,0.9960152419196577,True,10.18020691511417
mean_baseline,grouped_cv,PDX,97,0.9,0.5257731958762887,1.3878787702168522,4.006342659744886,1.4154668628573295,True,4.045943810544166
mean_baseline,grouped_cv,START,8,0.9,0.0,1.3878787702168522,4.006342659744886,3.7507976020512213,True,
mean_baseline,grouped_cv,TCV,11,0.9,0.2727272727272727,1.3525813264998803,3.867395667994361,1.4984085757821062,True,
mean_baseline,grouped_cv,TDEV,7,0.9,0.0,1.3878787702168522,4.006342659744886,1.9428887663515393,True,
mean_baseline,grouped_cv,TFTR,2,0.9,1.0,1.4002187555457701,4.056087161362451,0.17224170814976952,True,
ridge_loglinear,grouped_cv,ASDEX,431,0.9,0.9396751740139211,0.2895193115676906,1.3357852371650043,0.16156756095694827,True,5.187342932450245
ridge_loglinear,grouped_cv,AUG,1377,0.9,0.8583877995642701,0.2895193115676906,1.3357852371650043,0.19317221581829902,True,1.2399939601552896
ridge_loglinear,grouped_cv,AUGW,767,0.9,0.9322033898305084,0.2895193115676906,1.3357852371650043,0.16274357099355502,True,1.6457652294950753
ridge_loglinear,grouped_cv,CMOD,45,0.9,0.9777777777777777,0.2895193115676906,1.3357852371650043,0.14804496377107798,True,6.937744525296737
ridge_loglinear,grouped_cv,COMPASS,15,0.9,0.13333333333333333,0.2895193115676906,1.3357852371650043,0.4468038961490557,True,
ridge_loglinear,grouped_cv,D3D,388,0.9,0.7242268041237113,0.2895193115676906,1.3357852371650043,0.24196847259770451,True,1.1410663145491857
ridge_loglinear,grouped_cv,JET,1762,0.9,0.963677639046538,0.2895193115676906,1.3357852371650043,0.1488217666728352,True,2.189768389167002
ridge_loglinear,grouped_cv,JETILW,866,0.9,0.9364896073903002,0.2895193115676906,1.3357852371650043,0.1674332894408884,True,1.7024302608804454
ridge_loglinear,grouped_cv,JFT2M,69,0.9,1.0,0.2895193115676906,1.3357852371650043,0.09209977669540162,True,5.434784443628557
ridge_loglinear,grouped_cv,JT60U,100,0.9,0.7,0.2887422037527735,1.3347475912517457,0.27310931761484375,True,2.483394451114324
ridge_loglinear,grouped_cv,MAST,39,0.9,0.9487179487179487,0.2895193115676906,1.3357852371650043,0.14569319301994374,True,5.375921749336576
ridge_loglinear,grouped_cv,NSTX,185,0.9,0.8378378378378378,0.2895193115676906,1.3357852371650043,0.23871761470971886,True,7.8308993076380045
ridge_loglinear,grouped_cv,PBXM,59,0.9,0.8813559322033898,0.2895193115676906,1.3357852371650043,0.19104591086056424,True,10.18020691511417
ridge_loglinear,grouped_cv,PDX,97,0.9,0.845360824742268,0.2895193115676906,1.3357852371650043,0.21340755444702034,True,4.045943810544166
ridge_loglinear,grouped_cv,START,8,0.9,0.0,0.2887422037527735,1.3347475912517457,0.3838340921115107,True,
ridge_loglinear,grouped_cv,TCV,11,0.9,0.18181818181818182,0.2895193115676906,1.3357852371650043,0.6353928751650495,True,
ridge_loglinear,grouped_cv,TDEV,7,0.9,1.0,0.28796509593785635,1.3337107513880013,0.08915026893084224,True,
ridge_loglinear,grouped_cv,TFTR,2,0.9,0.0,0.29105827459801115,1.337842543914919,0.35300345588599663,True,
random_forest,grouped_cv,ASDEX,431,0.9,0.9187935034802784,0.21566423032835358,1.240685724416296,0.13531761939813883,True,5.187342932450245
random_forest,grouped_cv,AUG,1377,0.9,0.8961510530137982,0.21566423032835358,1.240685724416296,0.1464527044188811,True,1.2399939601552896
random_forest,grouped_cv,AUGW,767,0.9,0.9217731421121251,0.21566423032835358,1.240685724416296,0.11263649362898658,True,1.6457652294950753
random_forest,grouped_cv,CMOD,45,0.9,0.8888888888888888,0.21566423032835358,1.240685724416296,0.13305800596380443,True,6.937744525296737
random_forest,grouped_cv,COMPASS,15,0.9,0.7333333333333333,0.21566423032835358,1.240685724416296,0.20364440299375308,True,
random_forest,grouped_cv,D3D,388,0.9,0.8634020618556701,0.21566423032835358,1.240685724416296,0.16786398347388584,True,1.1410663145491857
random_forest,grouped_cv,JET,1762,0.9,0.9120317820658342,0.21566423032835358,1.240685724416296,0.1284854839913084,True,2.189768389167002
random_forest,grouped_cv,JETILW,866,0.9,0.9572748267898383,0.21566423032835358,1.240685724416296,0.09971855707990178,True,1.7024302608804454
random_forest,grouped_cv,JFT2M,69,0.9,0.9420289855072463,0.21566423032835358,1.240685724416296,0.09083223025969532,True,5.434784443628557
random_forest,grouped_cv,JT60U,100,0.9,0.86,0.22850138646699802,1.2567152675249342,0.14336607089708334,True,2.483394451114324
random_forest,grouped_cv,MAST,39,0.9,0.9487179487179487,0.21566423032835358,1.240685724416296,0.11701827149377476,True,5.375921749336576
random_forest,grouped_cv,NSTX,185,0.9,0.8540540540540541,0.21566423032835358,1.240685724416296,0.15243475339393553,True,7.8308993076380045
random_forest,grouped_cv,PBXM,59,0.9,0.9322033898305084,0.21566423032835358,1.240685724416296,0.11721339996580567,True,10.18020691511417
random_forest,grouped_cv,PDX,97,0.9,0.7938144329896907,0.21566423032835358,1.240685724416296,0.17823476204980604,True,4.045943810544166
random_forest,grouped_cv,START,8,0.9,0.5,0.21566423032835358,1.240685724416296,0.39271437713724006,True,
random_forest,grouped_cv,TCV,11,0.9,0.36363636363636365,0.19765376999058848,1.2185404255138186,0.4072162932493972,True,
random_forest,grouped_cv,TDEV,7,0.9,0.5714285714285714,0.21566423032835358,1.240685724416296,0.20022338041949594,True,
random_forest,grouped_cv,TFTR,2,0.9,1.0,0.2234006350113189,1.2503213959324435,0.0600601733577251,True,
hist_gradient_boosting,grouped_cv,ASDEX,431,0.9,0.9280742459396751,0.2140118771575048,1.238637366197177,0.1298044505022456,True,5.187342932450245
hist_gradient_boosting,grouped_cv,AUG,1377,0.9,0.8859840232389252,0.2140118771575048,1.238637366197177,0.14292769546978765,True,1.2399939601552896
hist_gradient_boosting,grouped_cv,AUGW,767,0.9,0.9269882659713168,0.2140118771575048,1.238637366197177,0.11924166820718936,True,1.6457652294950753
hist_gradient_boosting,grouped_cv,CMOD,45,0.9,0.8888888888888888,0.2140118771575048,1.238637366197177,0.13190961624323813,True,6.937744525296737
hist_gradient_boosting,grouped_cv,COMPASS,15,0.9,0.6,0.2140118771575048,1.238637366197177,0.23647768569552044,True,
hist_gradient_boosting,grouped_cv,D3D,388,0.9,0.884020618556701,0.2140118771575048,1.238637366197177,0.1448672318579673,True,1.1410663145491857
hist_gradient_boosting,grouped_cv,JET,1762,0.9,0.9194097616345063,0.2140118771575048,1.238637366197177,0.12167439954035583,True,2.189768389167002
hist_gradient_boosting,grouped_cv,JETILW,866,0.9,0.9549653579676675,0.2140118771575048,1.238637366197177,0.103220302148938,True,1.7024302608804454
hist_gradient_boosting,grouped_cv,JFT2M,69,0.9,0.9130434782608695,0.2140118771575048,1.238637366197177,0.11230016718185422,True,5.434784443628557
hist_gradient_boosting,grouped_cv,JT60U,100,0.9,0.83,0.22307130985744772,1.2499097014407365,0.18716020269087116,True,2.483394451114324
hist_gradient_boosting,grouped_cv,MAST,39,0.9,0.8461538461538461,0.2140118771575048,1.238637366197177,0.13804971796711193,True,5.375921749336576
hist_gradient_boosting,grouped_cv,NSTX,185,0.9,0.8,0.2140118771575048,1.238637366197177,0.17187914089732909,True,7.8308993076380045
hist_gradient_boosting,grouped_cv,PBXM,59,0.9,0.847457627118644,0.2140118771575048,1.238637366197177,0.13681935287403083,True,10.18020691511417
hist_gradient_boosting,grouped_cv,PDX,97,0.9,0.8350515463917526,0.2140118771575048,1.238637366197177,0.16510302973348637,True,4.045943810544166
hist_gradient_boosting,grouped_cv,START,8,0.9,0.125,0.2140118771575048,1.238637366197177,0.639009617346637,True,
hist_gradient_boosting,grouped_cv,TCV,11,0.9,0.7272727272727273,0.19958666401969327,1.2208980127756768,0.21786729639164934,True,
hist_gradient_boosting,grouped_cv,TDEV,7,0.9,0.42857142857142855,0.2140118771575048,1.238637366197177,0.21971819007000165,True,
hist_gradient_boosting,grouped_cv,TFTR,2,0.9,1.0,0.21854159350747626,1.2442607687204694,0.15419496544900935,True,
hybrid_gbm_s1,grouped_cv,ASDEX,431,0.9,0.9605568445475638,0.2453228678052728,1.2780338825933533,0.12032654236433747,True,5.187342932450245
hybrid_gbm_s1,grouped_cv,AUG,1377,0.9,0.8562091503267973,0.2453228678052728,1.2780338825933533,0.16776426528762076,True,1.2399939601552896
hybrid_gbm_s1,grouped_cv,AUGW,767,0.9,0.9165580182529335,0.2453228678052728,1.2780338825933533,0.1366366281305642,True,1.6457652294950753
hybrid_gbm_s1,grouped_cv,CMOD,45,0.9,0.9777777777777777,0.2453228678052728,1.2780338825933533,0.1297206761927587,True,6.937744525296737
hybrid_gbm_s1,grouped_cv,COMPASS,15,0.9,0.6,0.2453228678052728,1.2780338825933533,0.25306384580896124,True,
hybrid_gbm_s1,grouped_cv,D3D,388,0.9,0.7628865979381443,0.2453228678052728,1.2780338825933533,0.1858483958472553,True,1.1410663145491857
hybrid_gbm_s1,grouped_cv,JET,1762,0.9,0.9358683314415437,0.2453228678052728,1.2780338825933533,0.1357694220228019,True,2.189768389167002
hybrid_gbm_s1,grouped_cv,JETILW,866,0.9,0.9341801385681293,0.2453228678052728,1.2780338825933533,0.1340821169774453,True,1.7024302608804454
hybrid_gbm_s1,grouped_cv,JFT2M,69,0.9,1.0,0.2453228678052728,1.2780338825933533,0.09989327289387039,True,5.434784443628557
hybrid_gbm_s1,grouped_cv,JT60U,100,0.9,0.78,0.24124173166640484,1.2728286811209988,0.19646438043449682,True,2.483394451114324
hybrid_gbm_s1,grouped_cv,MAST,39,0.9,0.8974358974358975,0.2453228678052728,1.2780338825933533,0.15295558492992617,True,5.375921749336576
hybrid_gbm_s1,grouped_cv,NSTX,185,0.9,0.8324324324324325,0.2453228678052728,1.2780338825933533,0.19906965914103467,True,7.8308993076380045
hybrid_gbm_s1,grouped_cv,PBXM,59,0.9,0.8813559322033898,0.2453228678052728,1.2780338825933533,0.16744745520712434,True,10.18020691511417
hybrid_gbm_s1,grouped_cv,PDX,97,0.9,0.8350515463917526,0.2453228678052728,1.2780338825933533,0.16577611995029837,True,4.045943810544166
hybrid_gbm_s1,grouped_cv,START,8,0.9,1.0,0.24712770116249227,1.2803426035779304,0.08765918228334565,True,
hybrid_gbm_s1,grouped_cv,TCV,11,0.9,0.2727272727272727,0.2453228678052728,1.2780338825933533,0.4539440446817837,True,
hybrid_gbm_s1,grouped_cv,TDEV,7,0.9,1.0,0.2453228678052728,1.2780338825933533,0.13185694595565628,True,
hybrid_gbm_s1,grouped_cv,TFTR,2,0.9,0.0,0.24555669098836075,1.2783327514837515,0.2859454713830969,True,
ipb98y2_analytic,leave_one_tokamak_out,JET,1762,0.9,0.9807037457434733,0.3706488022586636,1.4486742129250407,0.14786640407873294,False,2.189768389167002
ipb98y2_analytic,leave_one_tokamak_out,AUG,1377,0.9,0.9186637618010167,0.3352398508098513,1.3982757225698461,0.1973676563878414,False,1.2399939601552896
ipb98y2_analytic,leave_one_tokamak_out,JETILW,866,0.9,0.663972286374134,0.2820037985281425,1.3257837560041352,0.256629652478898,False,1.7024302608804454
ipb98y2_analytic,leave_one_tokamak_out,AUGW,767,0.9,0.9048239895697523,0.3250114506465456,1.3840464941172224,0.21832511500257962,False,1.6457652294950753
ipb98y2_analytic,leave_one_tokamak_out,ASDEX,431,0.9,0.9837587006960556,0.3414739751122554,1.4070199752926589,0.13144904229087115,False,5.187342932450245
ipb98y2_analytic,leave_one_tokamak_out,D3D,388,0.9,0.7835051546391752,0.33483558553421977,1.3977105624944464,0.25193607071646484,False,1.1410663145491857
ipb98y2_analytic,leave_one_tokamak_out,NSTX,185,0.9,0.8648648648648649,0.31840008117551566,1.3749262333071561,0.22222938608255652,False,7.8308993076380045
ipb98y2_analytic,leave_one_tokamak_out,JT60U,100,0.9,0.73,0.33620713984501416,1.3996289137023856,0.2748479842757165,False,2.483394451114324
ipb98y2_analytic,leave_one_tokamak_out,PDX,97,0.9,0.8350515463917526,0.32730664922323993,1.3872268039858018,0.2270798419649088,False,4.045943810544166
ipb98y2_analytic,leave_one_tokamak_out,JFT2M,69,0.9,1.0,0.3302788711445106,1.3913560834299512,0.0945692941473851,False,5.434784443628557
ipb98y2_analytic,leave_one_tokamak_out,PBXM,59,0.9,1.0,0.33455902033576757,1.3973240578446824,0.17167843282810225,False,10.18020691511417
ipb98y2_analytic,leave_one_tokamak_out,CMOD,45,0.9,0.9777777777777777,0.32986229935832667,1.3907766044467362,0.1193554844659295,False,6.937744525296737
ipb98y2_analytic,leave_one_tokamak_out,MAST,39,0.9,1.0,0.34824381374198454,1.4165775887218357,0.1364310264879828,False,5.375921749336576
mean_baseline,leave_one_tokamak_out,JET,1762,0.9,0.246311010215664,1.092595096816566,2.982002625574682,1.421473823226747,True,2.189768389167002
mean_baseline,leave_one_tokamak_out,AUG,1377,0.9,0.9956427015250545,1.5350141153965846,4.641391044566876,0.4954216627924094,True,1.2399939601552896
mean_baseline,leave_one_tokamak_out,JETILW,866,0.9,1.0,1.3750358964624072,3.9552186987316786,0.5684041183108468,True,1.7024302608804454
mean_baseline,leave_one_tokamak_out,AUGW,767,0.9,0.9608865710560626,1.3961215598057897,4.039502576669268,0.7384576877969096,True,1.6457652294950753
mean_baseline,leave_one_tokamak_out,ASDEX,431,0.9,0.45243619489559167,1.3181460810640502,3.7364878066091807,1.400698081996238,True,5.187342932450245
mean_baseline,leave_one_tokamak_out,D3D,388,0.9,1.0,1.4042647754227588,4.07253141509578,0.3995586587943929,True,1.1410663145491857
mean_baseline,leave_one_tokamak_out,NSTX,185,0.9,0.6594594594594595,1.375141475147454,3.955636307565871,1.3354350078958515,True,7.8308993076380045
mean_baseline,leave_one_tokamak_out,JT60U,100,0.9,1.0,1.3848564896529327,3.99425264709975,0.4780125598010152,True,2.483394451114324
mean_baseline,leave_one_tokamak_out,PDX,97,0.9,0.4536082474226804,1.3429900357991342,3.830479670917793,1.4361994692127376,True,4.045943810544166
mean_baseline,leave_one_tokamak_out,JFT2M,69,0.9,0.14492753623188406,1.3581954329910584,3.889168699990948,1.6210786471681409,True,5.434784443628557
mean_baseline,leave_one_tokamak_out,PBXM,59,0.9,0.9661016949152542,1.369826918925897,3.934669619687493,0.9967379092688566,True,10.18020691511417
mean_baseline,leave_one_tokamak_out,CMOD,45,0.9,1.0,1.3947044859331834,4.033782357053656,0.7381919599421565,True,6.937744525296737
mean_baseline,leave_one_tokamak_out,MAST,39,0.9,0.7692307692307693,1.3669320578392976,3.9232957685193584,1.2454613598292463,True,5.375921749336576
ridge_loglinear,leave_one_tokamak_out,JET,1762,0.9,0.9148694665153235,0.3161369117110504,1.3718180607273345,0.1960476148544634,True,2.189768389167002
ridge_loglinear,leave_one_tokamak_out,AUG,1377,0.9,0.7748729121278141,0.2752536571985571,1.316864664708096,0.21596717881964975,True,1.2399939601552896
ridge_loglinear,leave_one_tokamak_out,JETILW,866,0.9,0.766743648960739,0.2770938255364219,1.3192901483339958,0.2150425739316196,True,1.7024302608804454
ridge_loglinear,leave_one_tokamak_out,AUGW,767,0.9,0.8617992177314211,0.28275934450085893,1.3267858250886384,0.21243270444421197,True,1.6457652294950753
ridge_loglinear,leave_one_tokamak_out,ASDEX,431,0.9,0.8932714617169374,0.2983614370258558,1.3476487900345153,0.19136314780709432,True,5.187342932450245
ridge_loglinear,leave_one_tokamak_out,D3D,388,0.9,0.7010309278350515,0.2842966964292486,1.3288271305357875,0.2515375615068482,True,1.1410663145491857
ridge_loglinear,leave_one_tokamak_out,NSTX,185,0.9,0.7675675675675676,0.2834562769247846,1.327710827444374,0.2962429233583868,True,7.8308993076380045
ridge_loglinear,leave_one_tokamak_out,JT60U,100,0.9,0.64,0.2875151659009134,1.3331108098363413,0.282046016756296,True,2.483394451114324
ridge_loglinear,leave_one_tokamak_out,PDX,97,0.9,0.7938144329896907,0.2903291700545827,1.3368674723455098,0.2424569791160552,True,4.045943810544166
ridge_loglinear,leave_one_tokamak_out,JFT2M,69,0.9,1.0,0.29557919653436726,1.3439045181503235,0.09354207180565115,True,5.434784443628557
ridge_loglinear,leave_one_tokamak_out,PBXM,59,0.9,0.7457627118644068,0.2884314634993812,1.3343328958816345,0.27034939002906705,True,10.18020691511417
ridge_loglinear,leave_one_tokamak_out,CMOD,45,0.9,0.9555555555555556,0.2922405985228327,1.33942524260913,0.17669713116907315,True,6.937744525296737
ridge_loglinear,leave_one_tokamak_out,MAST,39,0.9,0.8974358974358975,0.29487463346631326,1.3429579861447465,0.17024178446597416,True,5.375921749336576
random_forest,leave_one_tokamak_out,JET,1762,0.9,0.2474460839954597,0.2076017590697461,1.230722947690569,0.4876089288834118,True,2.189768389167002
random_forest,leave_one_tokamak_out,AUG,1377,0.9,0.523602033405955,0.19781322537839774,1.2187347438420706,0.27686269136491926,True,1.2399939601552896
random_forest,leave_one_tokamak_out,JETILW,866,0.9,0.36027713625866054,0.21809443770980197,1.2437045146792958,0.3284748168619753,True,1.7024302608804454
random_forest,leave_one_tokamak_out,AUGW,767,0.9,0.5528031290743155,0.21853297314736597,1.2442500427908028,0.2402360879012927,True,1.6457652294950753
random_forest,leave_one_tokamak_out,ASDEX,431,0.9,0.10208816705336426,0.2021129024822339,1.2239861913898216,0.49276322352283336,True,5.187342932450245
random_forest,leave_one_tokamak_out,D3D,388,0.9,0.3479381443298969,0.2131231095542434,1.2375369944937054,0.4397610023963948,True,1.1410663145491857
random_forest,leave_one_tokamak_out,NSTX,185,0.9,0.10270270270270271,0.2086469914801392,1.2320100117270547,0.8131887861344855,True,7.8308993076380045
random_forest,leave_one_tokamak_out,JT60U,100,0.9,0.42,0.19036828519615945,1.20969502840027,0.27966895812568054,True,2.483394451114324
random_forest,leave_one_tokamak_out,PDX,97,0.9,0.35051546391752575,0.20530520683926023,1.2278997711869102,0.3888534057582532,True,4.045943810544166
random_forest,leave_one_tokamak_out,JFT2M,69,0.9,0.14492753623188406,0.19388276550540595,1.2139539573350113,0.29914872505598045,True,5.434784443628557
random_forest,leave_one_tokamak_out,PBXM,59,0.9,0.1016949152542373,0.2009643209560008,1.2225811505184865,0.751873981722653,True,10.18020691511417
random_forest,leave_one_tokamak_out,CMOD,45,0.9,0.13333333333333333,0.21398593648218878,1.2386052355241737,0.4287306553248833,True,6.937744525296737
random_forest,leave_one_tokamak_out,MAST,39,0.9,0.05128205128205128,0.20907720170998245,1.2325401490644454,0.5896697223969967,True,5.375921749336576
hist_gradient_boosting,leave_one_tokamak_out,JET,1762,0.9,0.21679909194097616,0.19629324483819444,1.2168836978810598,0.47447824291134266,True,2.189768389167002
hist_gradient_boosting,leave_one_tokamak_out,AUG,1377,0.9,0.5381263616557734,0.20905395496017753,1.2325114968450124,0.2894215525257346,True,1.2399939601552896
hist_gradient_boosting,leave_one_tokamak_out,JETILW,866,0.9,0.5438799076212472,0.22032914504344964,1.2464869380721884,0.26040249995200876,True,1.7024302608804454
hist_gradient_boosting,leave_one_tokamak_out,AUGW,767,0.9,0.6414602346805737,0.21966103259045555,1.245654422764258,0.21379127157911515,True,1.6457652294950753
hist_gradient_boosting,leave_one_tokamak_out,ASDEX,431,0.9,0.6194895591647331,0.20194865635124448,1.2237851729022078,0.2587783923300781,True,5.187342932450245
hist_gradient_boosting,leave_one_tokamak_out,D3D,388,0.9,0.5360824742268041,0.21517799039716823,1.2400826001184748,0.25791985672531886,True,1.1410663145491857
hist_gradient_boosting,leave_one_tokamak_out,NSTX,185,0.9,0.21081081081081082,0.21200696848858092,1.2361564991909386,0.6745768552556977,True,7.8308993076380045
hist_gradient_boosting,leave_one_tokamak_out,JT60U,100,0.9,0.53,0.1990317948806255,1.220220762056576,0.25596274298952126,True,2.483394451114324
hist_gradient_boosting,leave_one_tokamak_out,PDX,97,0.9,0.38144329896907214,0.20188749592032396,1.2237103279624766,0.34921867962621606,True,4.045943810544166
hist_gradient_boosting,leave_one_tokamak_out,JFT2M,69,0.9,0.8115942028985508,0.19660978618328673,1.2172689528549547,0.28575139787967674,True,5.434784443628557
hist_gradient_boosting,leave_one_tokamak_out,PBXM,59,0.9,0.05084745762711865,0.21444127128576684,1.2391693440151699,0.5323249531239362,True,10.18020691511417
hist_gradient_boosting,leave_one_tokamak_out,CMOD,45,0.9,0.06666666666666667,0.21100221211105086,1.2349150868276833,0.4596097566217606,True,6.937744525296737
hist_gradient_boosting,leave_one_tokamak_out,MAST,39,0.9,0.1794871794871795,0.20840803079665782,1.231715644945041,0.41516120489074304,True,5.375921749336576
hybrid_gbm_s1,leave_one_tokamak_out,JET,1762,0.9,0.5993189557321226,0.23036225574463653,1.259056027605799,0.23485446536416746,True,2.189768389167002
hybrid_gbm_s1,leave_one_tokamak_out,AUG,1377,0.9,0.6942628903413217,0.22503732480588967,1.2523694597664994,0.21493691567616022,True,1.2399939601552896
hybrid_gbm_s1,leave_one_tokamak_out,JETILW,866,0.9,0.6362586605080831,0.23938090484620922,1.2704623697043433,0.2200110514129748,True,1.7024302608804454
hybrid_gbm_s1,leave_one_tokamak_out,AUGW,767,0.9,0.7196870925684485,0.2419285443844994,1.2737031763199846,0.21935827193572907,True,1.6457652294950753
hybrid_gbm_s1,leave_one_tokamak_out,ASDEX,431,0.9,0.5754060324825986,0.2496920662070521,1.2836300827424039,0.2557240608794553,True,5.187342932450245
hybrid_gbm_s1,leave_one_tokamak_out,D3D,388,0.9,0.6469072164948454,0.24126626073969937,1.2728599028119274,0.23439589950221176,True,1.1410663145491857
hybrid_gbm_s1,leave_one_tokamak_out,NSTX,185,0.9,0.7081081081081081,0.23862105916580978,1.2694973810282812,0.275697743070084,True,7.8308993076380045
hybrid_gbm_s1,leave_one_tokamak_out,JT60U,100,0.9,0.52,0.24048462156127837,1.2718653743750783,0.27239687189640627,True,2.483394451114324
hybrid_gbm_s1,leave_one_tokamak_out,PDX,97,0.9,0.7422680412371134,0.2431549836984912,1.275266254283987,0.22872678794847448,True,4.045943810544166
hybrid_gbm_s1,leave_one_tokamak_out,JFT2M,69,0.9,0.37681159420289856,0.24094000365807708,1.2724446909913034,0.2579168446957917,True,5.434784443628557
hybrid_gbm_s1,leave_one_tokamak_out,PBXM,59,0.9,0.7796610169491526,0.24597877562854942,1.2788724299901948,0.23134412511105165,True,10.18020691511417
hybrid_gbm_s1,leave_one_tokamak_out,CMOD,45,0.9,0.022222222222222223,0.2393451368664714,1.2704169286447184,0.43699032159476403,True,6.937744525296737
hybrid_gbm_s1,leave_one_tokamak_out,MAST,39,0.9,0.8717948717948718,0.2580451543615765,1.2943972649868005,0.18423310285313696,True,5.375921749336576
ipb98y2_analytic,size_cut,JET,1762,0.9,0.9625425652667423,0.31970574590790957,1.3767225984697504,0.14786640407873294,False,2.189768389167002
ipb98y2_analytic,size_cut,JETILW,866,0.9,0.74364896073903,0.31970574590790957,1.3767225984697504,0.256629652478898,False,1.7024302608804454
ipb98y2_analytic,size_cut,JT60U,100,0.9,0.69,0.31970574590790957,1.3767225984697504,0.2748479842757165,False,2.483394451114324
ipb98y2_analytic,size_cut,TFTR,2,0.9,1.0,0.31970574590790957,1.3767225984697504,0.17906413557770298,False,
mean_baseline,size_cut,JET,1762,0.9,0.04086265607264472,0.8619437601379147,2.367758578406562,1.6361756973348986,True,2.189768389167002
mean_baseline,size_cut,JETILW,866,0.9,0.24249422632794457,0.8619437601379147,2.367758578406562,1.086706532630913,True,1.7024302608804454
mean_baseline,size_cut,JT60U,100,0.9,0.44,0.8619437601379147,2.367758578406562,1.0047456441295228,True,2.483394451114324
mean_baseline,size_cut,TFTR,2,0.9,1.0,0.8619437601379147,2.367758578406562,0.793258033132612,True,
ridge_loglinear,size_cut,JET,1762,0.9,0.8359818388195233,0.31609685294762135,1.3717631084928388,0.22175448456106703,True,2.189768389167002
ridge_loglinear,size_cut,JETILW,866,0.9,0.48614318706697457,0.31609685294762135,1.3717631084928388,0.34264522217827603,True,1.7024302608804454
ridge_loglinear,size_cut,JT60U,100,0.9,0.28,0.31609685294762135,1.3717631084928388,0.44417454923011807,True,2.483394451114324
ridge_loglinear,size_cut,TFTR,2,0.9,1.0,0.31609685294762135,1.3717631084928388,0.2033228365789672,True,
random_forest,size_cut,JET,1762,0.9,0.010783200908059024,0.23051314904992348,1.2592460250656576,1.0676787452561665,True,2.189768389167002
random_forest,size_cut,JETILW,866,0.9,0.061200923787528866,0.23051314904992348,1.2592460250656576,0.6213536283732345,True,1.7024302608804454
random_forest,size_cut,JT60U,100,0.9,0.01,0.23051314904992348,1.2592460250656576,0.5654672640977346,True,2.483394451114324
random_forest,size_cut,TFTR,2,0.9,0.0,0.23051314904992348,1.2592460250656576,0.46730779321601223,True,
hist_gradient_boosting,size_cut,JET,1762,0.9,0.0,0.22143039289846422,1.2478603852531214,1.1337186655795166,True,2.189768389167002
hist_gradient_boosting,size_cut,JETILW,866,0.9,0.009237875288683603,0.22143039289846422,1.2478603852531214,0.6971960562388646,True,1.7024302608804454
hist_gradient_boosting,size_cut,JT60U,100,0.9,0.0,0.22143039289846422,1.2478603852531214,0.6829675453364457,True,2.483394451114324
hist_gradient_boosting,size_cut,TFTR,2,0.9,0.0,0.22143039289846422,1.2478603852531214,0.6552309915364012,True,
hybrid_gbm_s1,size_cut,JET,1762,0.9,0.8830874006810443,0.2584415322209819,1.2949104371022295,0.16417994583320386,True,2.189768389167002
hybrid_gbm_s1,size_cut,JETILW,866,0.9,0.5450346420323325,0.2584415322209819,1.2949104371022295,0.2693607382776768,True,1.7024302608804454
hybrid_gbm_s1,size_cut,JT60U,100,0.9,0.56,0.2584415322209819,1.2949104371022295,0.2865071247051016,True,2.483394451114324
hybrid_gbm_s1,size_cut,TFTR,2,0.9,1.0,0.2584415322209819,1.2949104371022295,0.14386903047797228,True,
