model_name,split,scope,n_rows,nominal_coverage,empirical_coverage,median_half_width_log,median_interval_factor,rmsle,is_blind,method,arm
ipb98y2_analytic,leave_one_tokamak_out,JET,1762,0.9,0.9807037457434733,0.3706488022586636,1.4486742129250407,0.14786640407873294,False,split,lomo
ipb98y2_analytic,leave_one_tokamak_out,AUG,1377,0.9,0.9186637618010167,0.3352398508098513,1.3982757225698461,0.1973676563878414,False,split,lomo
ipb98y2_analytic,leave_one_tokamak_out,JETILW,866,0.9,0.663972286374134,0.2820037985281425,1.3257837560041352,0.256629652478898,False,split,lomo
ipb98y2_analytic,leave_one_tokamak_out,AUGW,767,0.9,0.9048239895697523,0.3250114506465456,1.3840464941172224,0.21832511500257962,False,split,lomo
ipb98y2_analytic,leave_one_tokamak_out,ASDEX,431,0.9,0.9837587006960556,0.3414739751122554,1.4070199752926589,0.13144904229087115,False,split,lomo
ipb98y2_analytic,leave_one_tokamak_out,D3D,388,0.9,0.7835051546391752,0.33483558553421977,1.3977105624944464,0.25193607071646484,False,split,lomo
ipb98y2_analytic,leave_one_tokamak_out,NSTX,185,0.9,0.8648648648648649,0.31840008117551566,1.3749262333071561,0.22222938608255652,False,split,lomo
ipb98y2_analytic,leave_one_tokamak_out,JT60U,100,0.9,0.73,0.33620713984501416,1.3996289137023856,0.2748479842757165,False,split,lomo
ipb98y2_analytic,leave_one_tokamak_out,PDX,97,0.9,0.8350515463917526,0.32730664922323993,1.3872268039858018,0.2270798419649088,False,split,lomo
ipb98y2_analytic,leave_one_tokamak_out,JFT2M,69,0.9,1.0,0.3302788711445106,1.3913560834299512,0.0945692941473851,False,split,lomo
ipb98y2_analytic,leave_one_tokamak_out,PBXM,59,0.9,1.0,0.33455902033576757,1.3973240578446824,0.17167843282810225,False,split,lomo
ipb98y2_analytic,leave_one_tokamak_out,CMOD,45,0.9,0.9777777777777777,0.32986229935832667,1.3907766044467362,0.1193554844659295,False,split,lomo
ipb98y2_analytic,leave_one_tokamak_out,MAST,39,0.9,1.0,0.34824381374198454,1.4165775887218357,0.1364310264879828,False,split,lomo
ridge_loglinear,leave_one_tokamak_out,JET,1762,0.9,0.9148694665153235,0.3161369117110504,1.3718180607273345,0.1960476148544634,True,split,lomo
ridge_loglinear,leave_one_tokamak_out,AUG,1377,0.9,0.7748729121278141,0.2752536571985571,1.316864664708096,0.21596717881964975,True,split,lomo
ridge_loglinear,leave_one_tokamak_out,JETILW,866,0.9,0.766743648960739,0.2770938255364219,1.3192901483339958,0.2150425739316196,True,split,lomo
ridge_loglinear,leave_one_tokamak_out,AUGW,767,0.9,0.8617992177314211,0.28275934450085893,1.3267858250886384,0.21243270444421197,True,split,lomo
ridge_loglinear,leave_one_tokamak_out,ASDEX,431,0.9,0.8932714617169374,0.2983614370258558,1.3476487900345153,0.19136314780709432,True,split,lomo
ridge_loglinear,leave_one_tokamak_out,D3D,388,0.9,0.7010309278350515,0.2842966964292486,1.3288271305357875,0.2515375615068482,True,split,lomo
ridge_loglinear,leave_one_tokamak_out,NSTX,185,0.9,0.7675675675675676,0.2834562769247846,1.327710827444374,0.2962429233583868,True,split,lomo
ridge_loglinear,leave_one_tokamak_out,JT60U,100,0.9,0.64,0.2875151659009134,1.3331108098363413,0.282046016756296,True,split,lomo
ridge_loglinear,leave_one_tokamak_out,PDX,97,0.9,0.7938144329896907,0.2903291700545827,1.3368674723455098,0.2424569791160552,True,split,lomo
ridge_loglinear,leave_one_tokamak_out,JFT2M,69,0.9,1.0,0.29557919653436726,1.3439045181503235,0.09354207180565115,True,split,lomo
ridge_loglinear,leave_one_tokamak_out,PBXM,59,0.9,0.7457627118644068,0.2884314634993812,1.3343328958816345,0.27034939002906705,True,split,lomo
ridge_loglinear,leave_one_tokamak_out,CMOD,45,0.9,0.9555555555555556,0.2922405985228327,1.33942524260913,0.17669713116907315,True,split,lomo
ridge_loglinear,leave_one_tokamak_out,MAST,39,0.9,0.8974358974358975,0.29487463346631326,1.3429579861447465,0.17024178446597416,True,split,lomo
random_forest,leave_one_tokamak_out,JET,1762,0.9,0.2474460839954597,0.2076017590697461,1.230722947690569,0.4876089288834118,True,split,lomo
random_forest,leave_one_tokamak_out,AUG,1377,0.9,0.523602033405955,0.19781322537839752,1.2187347438420701,0.27686269136491926,True,split,lomo
random_forest,leave_one_tokamak_out,JETILW,866,0.9,0.36027713625866054,0.21809443770980197,1.2437045146792958,0.32847481686197527,True,split,lomo
random_forest,leave_one_tokamak_out,AUGW,767,0.9,0.5528031290743155,0.21853297314736553,1.244250042790802,0.24023608790129267,True,split,lomo
random_forest,leave_one_tokamak_out,ASDEX,431,0.9,0.10208816705336426,0.20211290248223435,1.2239861913898222,0.49276322352283325,True,split,lomo
random_forest,leave_one_tokamak_out,D3D,388,0.9,0.3479381443298969,0.2131231095542434,1.2375369944937054,0.4397610023963948,True,split,lomo
random_forest,leave_one_tokamak_out,NSTX,185,0.9,0.10270270270270271,0.2086469914801392,1.2320100117270547,0.8131887861344855,True,split,lomo
random_forest,leave_one_tokamak_out,JT60U,100,0.9,0.42,0.19036828519615945,1.20969502840027,0.27966895812568054,True,split,lomo
random_forest,leave_one_tokamak_out,PDX,97,0.9,0.35051546391752575,0.20530520683926023,1.2278997711869102,0.3888534057582532,True,split,lomo
random_forest,leave_one_tokamak_out,JFT2M,69,0.9,0.14492753623188406,0.19388276550540573,1.213953957335011,0.2991487250559801,True,split,lomo
random_forest,leave_one_tokamak_out,PBXM,59,0.9,0.1016949152542373,0.2009643209560008,1.2225811505184865,0.7518739817226527,True,split,lomo
random_forest,leave_one_tokamak_out,CMOD,45,0.9,0.13333333333333333,0.21398593648218878,1.2386052355241737,0.42873065532488336,True,split,lomo
random_forest,leave_one_tokamak_out,MAST,39,0.9,0.05128205128205128,0.20907720170998245,1.2325401490644454,0.5896697223969966,True,split,lomo
hist_gradient_boosting,leave_one_tokamak_out,JET,1762,0.9,0.21679909194097616,0.19629324483819444,1.2168836978810598,0.47447824291134266,True,split,lomo
hist_gradient_boosting,leave_one_tokamak_out,AUG,1377,0.9,0.5381263616557734,0.20905395496017753,1.2325114968450124,0.2894215525257346,True,split,lomo
hist_gradient_boosting,leave_one_tokamak_out,JETILW,866,0.9,0.5438799076212472,0.22032914504344964,1.2464869380721884,0.26040249995200876,True,split,lomo
hist_gradient_boosting,leave_one_tokamak_out,AUGW,767,0.9,0.6414602346805737,0.21966103259045555,1.245654422764258,0.21379127157911515,True,split,lomo
hist_gradient_boosting,leave_one_tokamak_out,ASDEX,431,0.9,0.6194895591647331,0.20194865635124448,1.2237851729022078,0.2587783923300781,True,split,lomo
hist_gradient_boosting,leave_one_tokamak_out,D3D,388,0.9,0.5360824742268041,0.21517799039716823,1.2400826001184748,0.25791985672531886,True,split,lomo
hist_gradient_boosting,leave_one_tokamak_out,NSTX,185,0.9,0.21081081081081082,0.21200696848858092,1.2361564991909386,0.6745768552556977,True,split,lomo
hist_gradient_boosting,leave_one_tokamak_out,JT60U,100,0.9,0.53,0.1990317948806255,1.220220762056576,0.25596274298952126,True,split,lomo
hist_gradient_boosting,leave_one_tokamak_out,PDX,97,0.9,0.38144329896907214,0.20188749592032396,1.2237103279624766,0.34921867962621606,True,split,lomo
hist_gradient_boosting,leave_one_tokamak_out,JFT2M,69,0.9,0.8115942028985508,0.19660978618328673,1.2172689528549547,0.28575139787967674,True,split,lomo
hist_gradient_boosting,leave_one_tokamak_out,PBXM,59,0.9,0.05084745762711865,0.21444127128576684,1.2391693440151699,0.5323249531239362,True,split,lomo
hist_gradient_boosting,leave_one_tokamak_out,CMOD,45,0.9,0.06666666666666667,0.21100221211105086,1.2349150868276833,0.4596097566217606,True,split,lomo
hist_gradient_boosting,leave_one_tokamak_out,MAST,39,0.9,0.1794871794871795,0.20840803079665782,1.231715644945041,0.41516120489074304,True,split,lomo
powerlaw_collisionless,leave_one_tokamak_out,JET,1762,0.9,0.9551645856980704,0.3178741153400524,1.374203259228654,0.1761069121848174,True,split,lomo
powerlaw_collisionless,leave_one_tokamak_out,AUG,1377,0.9,0.7879448075526507,0.2787605087439642,1.3214908204723244,0.21355236567437058,True,split,lomo
powerlaw_collisionless,leave_one_tokamak_out,JETILW,866,0.9,0.8337182448036952,0.2834133905481919,1.327653887958795,0.1988035958514153,True,split,lomo
powerlaw_collisionless,leave_one_tokamak_out,AUGW,767,0.9,0.8670143415906127,0.2862241712532999,1.3313908813642716,0.2115495843165968,True,split,lomo
powerlaw_collisionless,leave_one_tokamak_out,ASDEX,431,0.9,0.8909512761020881,0.295507068358269,1.343807588264309,0.190079151851282,True,split,lomo
powerlaw_collisionless,leave_one_tokamak_out,D3D,388,0.9,0.6829896907216495,0.2840283623894093,1.3284706088191984,0.25761480529548564,True,split,lomo
powerlaw_collisionless,leave_one_tokamak_out,NSTX,185,0.9,0.7837837837837838,0.28702582191742065,1.3324586196679005,0.28695995794922846,True,split,lomo
powerlaw_collisionless,leave_one_tokamak_out,JT60U,100,0.9,0.73,0.29053638737656984,1.3371445231468522,0.2658435898764513,True,split,lomo
powerlaw_collisionless,leave_one_tokamak_out,PDX,97,0.9,0.7938144329896907,0.2912070695900142,1.3380416229961603,0.2418549421004187,True,split,lomo
powerlaw_collisionless,leave_one_tokamak_out,JFT2M,69,0.9,1.0,0.29143837753658575,1.3383511584540282,0.09964341992851149,True,split,lomo
powerlaw_collisionless,leave_one_tokamak_out,PBXM,59,0.9,0.6949152542372882,0.28931722811426774,1.3355153243446225,0.27147124865176514,True,split,lomo
powerlaw_collisionless,leave_one_tokamak_out,CMOD,45,0.9,0.9777777777777777,0.2892295186627061,1.3353981921648468,0.11264435380920523,True,split,lomo
powerlaw_collisionless,leave_one_tokamak_out,MAST,39,0.9,0.8974358974358975,0.29923063182576204,1.3488206685765012,0.17258905049023418,True,split,lomo
ipb98y2_analytic,leave_one_tokamak_out,JET,1762,0.9,0.9750283768444948,0.3551529692166975,1.4263988327059005,0.14786640407873294,False,machine_cv,lomo
ipb98y2_analytic,leave_one_tokamak_out,AUG,1377,0.9,0.9172113289760349,0.3339660811374059,1.3964957752228566,0.1973676563878414,False,machine_cv,lomo
ipb98y2_analytic,leave_one_tokamak_out,JETILW,866,0.9,0.7055427251732102,0.3024653540724884,1.3531907930588924,0.256629652478898,False,machine_cv,lomo
ipb98y2_analytic,leave_one_tokamak_out,AUGW,767,0.9,0.9113428943937418,0.3320883218725046,1.393875952810227,0.21832511500257962,False,machine_cv,lomo
ipb98y2_analytic,leave_one_tokamak_out,ASDEX,431,0.9,0.9814385150812065,0.33502112825709185,1.3979699215783499,0.13144904229087115,False,machine_cv,lomo
ipb98y2_analytic,leave_one_tokamak_out,D3D,388,0.9,0.7551546391752577,0.32099998967702636,1.3785055666634771,0.25193607071646484,False,machine_cv,lomo
ipb98y2_analytic,leave_one_tokamak_out,NSTX,185,0.9,0.8702702702702703,0.3296731327812483,1.3905135408791942,0.22222938608255652,False,machine_cv,lomo
ipb98y2_analytic,leave_one_tokamak_out,JT60U,100,0.9,0.69,0.32740278644206033,1.3873601745234436,0.2748479842757165,False,machine_cv,lomo
ipb98y2_analytic,leave_one_tokamak_out,PDX,97,0.9,0.8350515463917526,0.3296731327812483,1.3905135408791942,0.2270798419649088,False,machine_cv,lomo
ipb98y2_analytic,leave_one_tokamak_out,JFT2M,69,0.9,1.0,0.3317373409715616,1.393386814816575,0.0945692941473851,False,machine_cv,lomo
ipb98y2_analytic,leave_one_tokamak_out,PBXM,59,0.9,0.9830508474576272,0.3310029763255735,1.3923639364304188,0.17167843282810225,False,machine_cv,lomo
ipb98y2_analytic,leave_one_tokamak_out,CMOD,45,0.9,0.9777777777777777,0.3306993626268746,1.3919412598341934,0.1193554844659295,False,machine_cv,lomo
ipb98y2_analytic,leave_one_tokamak_out,MAST,39,0.9,1.0,0.3309018185327126,1.39222309509147,0.1364310264879828,False,machine_cv,lomo
ridge_loglinear,leave_one_tokamak_out,JET,1762,0.9,0.9591373439273553,0.36831769383976276,1.445301129310316,0.1979097980970751,True,machine_cv,lomo
ridge_loglinear,leave_one_tokamak_out,AUG,1377,0.9,0.896877269426289,0.3498972769166306,1.4189217850859228,0.21552600328195384,True,machine_cv,lomo
ridge_loglinear,leave_one_tokamak_out,JETILW,866,0.9,0.8845265588914549,0.32713470053372884,1.3869882926612442,0.21586955727909324,True,machine_cv,lomo
ridge_loglinear,leave_one_tokamak_out,AUGW,767,0.9,0.924380704041721,0.3444460145616164,1.4112079144427723,0.2074398929329735,True,machine_cv,lomo
ridge_loglinear,leave_one_tokamak_out,ASDEX,431,0.9,0.9419953596287703,0.342270584602657,1.4081412673147984,0.1935999461699966,True,machine_cv,lomo
ridge_loglinear,leave_one_tokamak_out,D3D,388,0.9,0.7835051546391752,0.3457005457311544,1.4129794297363745,0.2512433460586729,True,machine_cv,lomo
ridge_loglinear,leave_one_tokamak_out,NSTX,185,0.9,0.8108108108108109,0.34148231210024127,1.4070317056501866,0.28907712742060465,True,machine_cv,lomo
ridge_loglinear,leave_one_tokamak_out,JT60U,100,0.9,0.75,0.33419519941272835,1.3968157745838217,0.2853670935561867,True,machine_cv,lomo
ridge_loglinear,leave_one_tokamak_out,PDX,97,0.9,0.8762886597938144,0.33736998153483655,1.4012574072100865,0.23277730351044704,True,machine_cv,lomo
ridge_loglinear,leave_one_tokamak_out,JFT2M,69,0.9,1.0,0.34158047356442856,1.4071698287216416,0.09362793859749098,True,machine_cv,lomo
ridge_loglinear,leave_one_tokamak_out,PBXM,59,0.9,0.847457627118644,0.3436198078588275,1.4100424465298291,0.27410976868517906,True,machine_cv,lomo
ridge_loglinear,leave_one_tokamak_out,CMOD,45,0.9,0.9777777777777777,0.3420746585733503,1.407865402812991,0.17281698025423575,True,machine_cv,lomo
ridge_loglinear,leave_one_tokamak_out,MAST,39,0.9,0.9487179487179487,0.3422349462861568,1.408091084424859,0.15362321385492766,True,machine_cv,lomo
random_forest,leave_one_tokamak_out,JET,1762,0.9,0.7843359818388195,0.5609576183934832,1.7523497794518585,0.47798512070328486,True,machine_cv,lomo
random_forest,leave_one_tokamak_out,AUG,1377,0.9,0.9912854030501089,0.7763163085942466,2.1734511775385195,0.27930960871770744,True,machine_cv,lomo
random_forest,leave_one_tokamak_out,JETILW,866,0.9,1.0,0.9084962964740823,2.4805896561055873,0.31834579995994233,True,machine_cv,lomo
random_forest,leave_one_tokamak_out,AUGW,767,0.9,1.0,0.7390519682115039,2.093949442578392,0.21949249274400942,True,machine_cv,lomo
random_forest,leave_one_tokamak_out,ASDEX,431,0.9,0.777262180974478,0.5972725286500962,1.8171557948706958,0.5067383872546776,True,machine_cv,lomo
random_forest,leave_one_tokamak_out,D3D,388,0.9,0.9304123711340206,0.7075650964675739,2.0290447107734986,0.4059948133516858,True,machine_cv,lomo
random_forest,leave_one_tokamak_out,NSTX,185,0.9,0.2702702702702703,0.5884482917771892,1.8011913224371385,0.857376361499742,True,machine_cv,lomo
random_forest,leave_one_tokamak_out,JT60U,100,0.9,1.0,0.6552194451586563,1.9255650269386677,0.29120318766011555,True,machine_cv,lomo
random_forest,leave_one_tokamak_out,PDX,97,0.9,0.8762886597938144,0.6458895175799175,1.907683192513226,0.40722559027110555,True,machine_cv,lomo
random_forest,leave_one_tokamak_out,JFT2M,69,0.9,1.0,0.6531265825568777,1.9215392980246553,0.4502539255431945,True,machine_cv,lomo
random_forest,leave_one_tokamak_out,PBXM,59,0.9,0.288135593220339,0.6513260843299862,1.9180826826743669,0.7273766020265496,True,machine_cv,lomo
random_forest,leave_one_tokamak_out,CMOD,45,0.9,0.8444444444444444,0.651027830005658,1.9175106915234976,0.5214357323031032,True,machine_cv,lomo
random_forest,leave_one_tokamak_out,MAST,39,0.9,0.6923076923076923,0.6620975199915167,1.9388548591268326,0.5808719215353065,True,machine_cv,lomo
hist_gradient_boosting,leave_one_tokamak_out,JET,1762,0.9,0.7832009080590239,0.5543496140875126,1.7408084192394513,0.4867978709251852,True,machine_cv,lomo
hist_gradient_boosting,leave_one_tokamak_out,AUG,1377,0.9,0.9665940450254176,0.6301569422044095,1.8779052787324628,0.2812302860575839,True,machine_cv,lomo
hist_gradient_boosting,leave_one_tokamak_out,JETILW,866,0.9,1.0,0.9629993846801476,2.6195417153824536,0.2439381925302502,True,machine_cv,lomo
hist_gradient_boosting,leave_one_tokamak_out,AUGW,767,0.9,1.0,0.6045349502770139,1.8304007835462173,0.21219271101172096,True,machine_cv,lomo
hist_gradient_boosting,leave_one_tokamak_out,ASDEX,431,0.9,0.988399071925754,0.5553805346668467,1.7426039798446866,0.20697949141905117,True,machine_cv,lomo
hist_gradient_boosting,leave_one_tokamak_out,D3D,388,0.9,0.9922680412371134,0.6072599261993231,1.8353953836013888,0.24573867969801805,True,machine_cv,lomo
hist_gradient_boosting,leave_one_tokamak_out,NSTX,185,0.9,0.5405405405405406,0.5388890752491342,1.7141015662051848,0.6857023422989421,True,machine_cv,lomo
hist_gradient_boosting,leave_one_tokamak_out,JT60U,100,0.9,0.98,0.5647443129765453,1.7589979722631262,0.30701737969020504,True,machine_cv,lomo
hist_gradient_boosting,leave_one_tokamak_out,PDX,97,0.9,0.8969072164948454,0.5613835841821672,1.753096379509465,0.3227021134914512,True,machine_cv,lomo
hist_gradient_boosting,leave_one_tokamak_out,JFT2M,69,0.9,0.927536231884058,0.5431588303467167,1.7214360070957249,0.23418446081860614,True,machine_cv,lomo
hist_gradient_boosting,leave_one_tokamak_out,PBXM,59,0.9,0.4406779661016949,0.5453053860086775,1.7251351340740666,0.5587897073538394,True,machine_cv,lomo
hist_gradient_boosting,leave_one_tokamak_out,CMOD,45,0.9,0.4888888888888889,0.5550951584182089,1.7421067530097962,0.568711558029444,True,machine_cv,lomo
hist_gradient_boosting,leave_one_tokamak_out,MAST,39,0.9,0.9230769230769231,0.5441331480434994,1.7231140500020206,0.3168100380019187,True,machine_cv,lomo
powerlaw_collisionless,leave_one_tokamak_out,JET,1762,0.9,0.9801362088535754,0.36143702978810166,1.4353906322861512,0.17756789401081774,True,machine_cv,lomo
powerlaw_collisionless,leave_one_tokamak_out,AUG,1377,0.9,0.879448075526507,0.3363152044682729,1.3997801722463483,0.2130865390176615,True,machine_cv,lomo
powerlaw_collisionless,leave_one_tokamak_out,JETILW,866,0.9,0.9018475750577367,0.3199154633476615,1.3770113514855633,0.19962459478321454,True,machine_cv,lomo
powerlaw_collisionless,leave_one_tokamak_out,AUGW,767,0.9,0.9126466753585397,0.32590575457002147,1.385284805958222,0.20837592370210276,True,machine_cv,lomo
powerlaw_collisionless,leave_one_tokamak_out,ASDEX,431,0.9,0.9466357308584686,0.33163163908489324,1.3932395389851937,0.19180343736003597,True,machine_cv,lomo
powerlaw_collisionless,leave_one_tokamak_out,D3D,388,0.9,0.7551546391752577,0.32855880989489794,1.3889649228073375,0.25670027397068007,True,machine_cv,lomo
powerlaw_collisionless,leave_one_tokamak_out,NSTX,185,0.9,0.8108108108108109,0.32953593350948385,1.3903227765206718,0.2791814830913803,True,machine_cv,lomo
powerlaw_collisionless,leave_one_tokamak_out,JT60U,100,0.9,0.76,0.32253398935168587,1.380621816502549,0.2684184827145399,True,machine_cv,lomo
powerlaw_collisionless,leave_one_tokamak_out,PDX,97,0.9,0.8556701030927835,0.32293550530435944,1.3811762694898948,0.23116730498771174,True,machine_cv,lomo
powerlaw_collisionless,leave_one_tokamak_out,JFT2M,69,0.9,1.0,0.3279536604590172,1.388124645740082,0.09993032255390033,True,machine_cv,lomo
powerlaw_collisionless,leave_one_tokamak_out,PBXM,59,0.9,0.7966101694915254,0.3315763197764481,1.3931624680691732,0.2742531137465971,True,machine_cv,lomo
powerlaw_collisionless,leave_one_tokamak_out,CMOD,45,0.9,1.0,0.326841435750592,1.3865815974779858,0.11550573689861406,True,machine_cv,lomo
powerlaw_collisionless,leave_one_tokamak_out,MAST,39,0.9,0.9487179487179487,0.3279074536470956,1.3880605064075011,0.15683394009653784,True,machine_cv,lomo
ipb98y2_analytic,leave_one_tokamak_out,JET,1762,0.9,0.9761634506242906,0.3604441353213347,1.4339661481679304,0.14786640407873294,False,machine_cv_distance,lomo
ipb98y2_analytic,leave_one_tokamak_out,AUG,1377,0.9,0.9208424110384895,0.3512141782384592,1.4207915959682618,0.1973676563878414,False,machine_cv_distance,lomo
ipb98y2_analytic,leave_one_tokamak_out,JETILW,866,0.9,0.7401847575057737,0.32490018987978336,1.3838925126092614,0.256629652478898,False,machine_cv_distance,lomo
ipb98y2_analytic,leave_one_tokamak_out,AUGW,767,0.9,0.9139504563233377,0.34339853410723603,1.409730475664537,0.21832511500257962,False,machine_cv_distance,lomo
ipb98y2_analytic,leave_one_tokamak_out,ASDEX,431,0.9,0.9675174013921114,0.31364905132523124,1.3684094107982023,0.13144904229087115,False,machine_cv_distance,lomo
ipb98y2_analytic,leave_one_tokamak_out,D3D,388,0.9,0.7680412371134021,0.33238601040077353,1.3942909554589076,0.25193607071646484,False,machine_cv_distance,lomo
ipb98y2_analytic,leave_one_tokamak_out,NSTX,185,0.9,0.7783783783783784,0.23531968610122714,1.2653132071287985,0.22222938608255652,False,machine_cv_distance,lomo
ipb98y2_analytic,leave_one_tokamak_out,JT60U,100,0.9,0.7,0.32680858383378486,1.386536046362924,0.2748479842757165,False,machine_cv_distance,lomo
ipb98y2_analytic,leave_one_tokamak_out,PDX,97,0.9,0.8247422680412371,0.3076563500469815,1.360233464443216,0.2270798419649088,False,machine_cv_distance,lomo
ipb98y2_analytic,leave_one_tokamak_out,JFT2M,69,0.9,1.0,0.2931592639257564,1.3406562916138045,0.0945692941473851,False,machine_cv_distance,lomo
ipb98y2_analytic,leave_one_tokamak_out,PBXM,59,0.9,0.6440677966101694,0.20325763544851677,1.2253881310035335,0.17167843282810225,False,machine_cv_distance,lomo
ipb98y2_analytic,leave_one_tokamak_out,CMOD,45,0.9,0.9777777777777777,0.2702447342315556,1.3102850831097215,0.1193554844659295,False,machine_cv_distance,lomo
ipb98y2_analytic,leave_one_tokamak_out,MAST,39,0.9,0.9487179487179487,0.30179976448612056,1.3522904230303605,0.1364310264879828,False,machine_cv_distance,lomo
ridge_loglinear,leave_one_tokamak_out,JET,1762,0.9,0.9574347332576617,0.37054636389553897,1.4485258207106255,0.1979097980970751,True,machine_cv_distance,lomo
ridge_loglinear,leave_one_tokamak_out,AUG,1377,0.9,0.9179375453885258,0.36798568950221683,1.4448213627130275,0.21552600328195384,True,machine_cv_distance,lomo
ridge_loglinear,leave_one_tokamak_out,JETILW,866,0.9,0.9122401847575058,0.34084841309748126,1.4061400722877297,0.21586955727909324,True,machine_cv_distance,lomo
ridge_loglinear,leave_one_tokamak_out,AUGW,767,0.9,0.9256844850065189,0.3520813400636863,1.4220241865524001,0.2074398929329735,True,machine_cv_distance,lomo
ridge_loglinear,leave_one_tokamak_out,ASDEX,431,0.9,0.9535962877030162,0.35148722047936415,1.4211795850557785,0.1935999461699966,True,machine_cv_distance,lomo
ridge_loglinear,leave_one_tokamak_out,D3D,388,0.9,0.8041237113402062,0.35759412671997826,1.4298851505131487,0.2512433460586729,True,machine_cv_distance,lomo
ridge_loglinear,leave_one_tokamak_out,NSTX,185,0.9,0.8162162162162162,0.348889403159996,1.4174924114910827,0.28907712742060465,True,machine_cv_distance,lomo
ridge_loglinear,leave_one_tokamak_out,JT60U,100,0.9,0.74,0.3334276681443009,1.3957440861304062,0.2853670935561867,True,machine_cv_distance,lomo
ridge_loglinear,leave_one_tokamak_out,PDX,97,0.9,0.845360824742268,0.31818872700703693,1.3746356676236118,0.23277730351044704,True,machine_cv_distance,lomo
ridge_loglinear,leave_one_tokamak_out,JFT2M,69,0.9,1.0,0.32613730863799384,1.3856056114308146,0.09362793859749098,True,machine_cv_distance,lomo
ridge_loglinear,leave_one_tokamak_out,PBXM,59,0.9,0.6101694915254238,0.2590727200120291,1.2957280267597893,0.27410976868517906,True,machine_cv_distance,lomo
ridge_loglinear,leave_one_tokamak_out,CMOD,45,0.9,0.9777777777777777,0.30388902683568786,1.3551186659388128,0.17281698025423575,True,machine_cv_distance,lomo
ridge_loglinear,leave_one_tokamak_out,MAST,39,0.9,0.9487179487179487,0.34551627210505936,1.4127190788818942,0.15362321385492766,True,machine_cv_distance,lomo
random_forest,leave_one_tokamak_out,JET,1762,0.9,0.713961407491487,0.45439194930231014,1.575215281025574,0.47798512070328486,True,machine_cv_distance,lomo
random_forest,leave_one_tokamak_out,AUG,1377,0.9,0.9636891793754538,0.5574237265291832,1.7461680939601534,0.27930960871770744,True,machine_cv_distance,lomo
random_forest,leave_one_tokamak_out,JETILW,866,0.9,0.9699769053117783,0.5112190025739577,1.6673224269859284,0.31834579995994233,True,machine_cv_distance,lomo
random_forest,leave_one_tokamak_out,AUGW,767,0.9,0.9986962190352021,0.5287863346934366,1.6968716241609438,0.21949249274400942,True,machine_cv_distance,lomo
random_forest,leave_one_tokamak_out,ASDEX,431,0.9,0.9280742459396751,0.7390500139166127,2.093945350387693,0.5067383872546776,True,machine_cv_distance,lomo
random_forest,leave_one_tokamak_out,D3D,388,0.9,0.7164948453608248,0.4724796367069016,1.6039665204785822,0.4059948133516858,True,machine_cv_distance,lomo
random_forest,leave_one_tokamak_out,NSTX,185,0.9,0.9567567567567568,1.2769464413617762,3.585673926143098,0.857376361499742,True,machine_cv_distance,lomo
random_forest,leave_one_tokamak_out,JT60U,100,0.9,0.98,0.5328988551085563,1.7038644124938847,0.29120318766011555,True,machine_cv_distance,lomo
random_forest,leave_one_tokamak_out,PDX,97,0.9,0.9278350515463918,0.7071797672358336,2.0282630111494595,0.40722559027110555,True,machine_cv_distance,lomo
random_forest,leave_one_tokamak_out,JFT2M,69,0.9,1.0,0.9781066817576852,2.6594163508850714,0.4502539255431945,True,machine_cv_distance,lomo
random_forest,leave_one_tokamak_out,PBXM,59,0.9,1.0,2.9816318400773034,19.719970240625948,0.7273766020265496,True,machine_cv_distance,lomo
random_forest,leave_one_tokamak_out,CMOD,45,0.9,1.0,1.4051752092029632,4.076240873618972,0.5214357323031032,True,machine_cv_distance,lomo
random_forest,leave_one_tokamak_out,MAST,39,0.9,1.0,0.9410049285300249,2.562555309764742,0.5808719215353065,True,machine_cv_distance,lomo
hist_gradient_boosting,leave_one_tokamak_out,JET,1762,0.9,0.7043132803632236,0.4737273631264316,1.6059690809462237,0.4867978709251852,True,machine_cv_distance,lomo
hist_gradient_boosting,leave_one_tokamak_out,AUG,1377,0.9,0.954248366013072,0.5409269575084428,1.7175982650977886,0.2812302860575839,True,machine_cv_distance,lomo
hist_gradient_boosting,leave_one_tokamak_out,JETILW,866,0.9,0.9965357967667436,0.5675200261406015,1.763887228537647,0.2439381925302502,True,machine_cv_distance,lomo
hist_gradient_boosting,leave_one_tokamak_out,AUGW,767,0.9,0.9986962190352021,0.5131695786024937,1.6705778400770483,0.21219271101172096,True,machine_cv_distance,lomo
hist_gradient_boosting,leave_one_tokamak_out,ASDEX,431,0.9,0.9953596287703016,0.6609446422563282,1.9366208845252093,0.20697949141905117,True,machine_cv_distance,lomo
hist_gradient_boosting,leave_one_tokamak_out,D3D,388,0.9,0.9664948453608248,0.5117374985061871,1.6681871510406152,0.24573867969801805,True,machine_cv_distance,lomo
hist_gradient_boosting,leave_one_tokamak_out,NSTX,185,0.9,0.7135135135135136,0.7628919777403932,2.1444690181296204,0.6857023422989421,True,machine_cv_distance,lomo
hist_gradient_boosting,leave_one_tokamak_out,JT60U,100,0.9,0.97,0.5345215451609169,1.7066315007827564,0.30701737969020504,True,machine_cv_distance,lomo
hist_gradient_boosting,leave_one_tokamak_out,PDX,97,0.9,0.9381443298969072,0.6116498263723327,1.84347029717787,0.3227021134914512,True,machine_cv_distance,lomo
hist_gradient_boosting,leave_one_tokamak_out,JFT2M,69,0.9,0.9565217391304348,0.6878440555342884,1.989421823436063,0.23418446081860614,True,machine_cv_distance,lomo
hist_gradient_boosting,leave_one_tokamak_out,PBXM,59,0.9,1.0,1.5486587831599554,4.705155315190364,0.5587897073538394,True,machine_cv_distance,lomo
hist_gradient_boosting,leave_one_tokamak_out,CMOD,45,0.9,1.0,0.8531217198699161,2.3469619859512743,0.568711558029444,True,machine_cv_distance,lomo
hist_gradient_boosting,leave_one_tokamak_out,MAST,39,0.9,0.9487179487179487,0.6656150389036284,1.9456868265045884,0.3168100380019187,True,machine_cv_distance,lomo
powerlaw_collisionless,leave_one_tokamak_out,JET,1762,0.9,0.9795686719636776,0.36553755250492215,1.4412885682273766,0.17756789401081774,True,machine_cv_distance,lomo
powerlaw_collisionless,leave_one_tokamak_out,AUG,1377,0.9,0.9114015976761075,0.36040185751879544,1.4339055245117969,0.2130865390176615,True,machine_cv_distance,lomo
powerlaw_collisionless,leave_one_tokamak_out,JETILW,866,0.9,0.9353348729792148,0.3408246529369266,1.4061066625707617,0.19962459478321454,True,machine_cv_distance,lomo
powerlaw_collisionless,leave_one_tokamak_out,AUGW,767,0.9,0.9152542372881356,0.33639178905084244,1.3998873779316279,0.20837592370210276,True,machine_cv_distance,lomo
powerlaw_collisionless,leave_one_tokamak_out,ASDEX,431,0.9,0.9443155452436195,0.3275187836080468,1.3875211137059549,0.19180343736003597,True,machine_cv_distance,lomo
powerlaw_collisionless,leave_one_tokamak_out,D3D,388,0.9,0.7603092783505154,0.34205101105254143,1.4078321106802218,0.25670027397068007,True,machine_cv_distance,lomo
powerlaw_collisionless,leave_one_tokamak_out,NSTX,185,0.9,0.8108108108108109,0.31778491499600364,1.3740806852920378,0.2791814830913803,True,machine_cv_distance,lomo
powerlaw_collisionless,leave_one_tokamak_out,JT60U,100,0.9,0.77,0.3232001304205485,1.3815418117843892,0.2684184827145399,True,machine_cv_distance,lomo
powerlaw_collisionless,leave_one_tokamak_out,PDX,97,0.9,0.8144329896907216,0.3051137913848316,1.3567793840274618,0.23116730498771174,True,machine_cv_distance,lomo
powerlaw_collisionless,leave_one_tokamak_out,JFT2M,69,0.9,1.0,0.30659836870322993,1.3587951238176266,0.09993032255390033,True,machine_cv_distance,lomo
powerlaw_collisionless,leave_one_tokamak_out,PBXM,59,0.9,0.5423728813559322,0.22939747722864678,1.2578419031746964,0.2742531137465971,True,machine_cv_distance,lomo
powerlaw_collisionless,leave_one_tokamak_out,CMOD,45,0.9,0.9777777777777777,0.2810152920513371,1.3244738577026227,0.11550573689861406,True,machine_cv_distance,lomo
powerlaw_collisionless,leave_one_tokamak_out,MAST,39,0.9,0.9487179487179487,0.3208436771541436,1.3782901058205967,0.15683394009653784,True,machine_cv_distance,lomo
ipb98y2_analytic,size_cut,JET,1762,0.9,0.9625425652667423,0.31970574590790957,1.3767225984697504,0.14786640407873294,False,split,size_cut
ipb98y2_analytic,size_cut,JETILW,866,0.9,0.74364896073903,0.31970574590790957,1.3767225984697504,0.256629652478898,False,split,size_cut
ipb98y2_analytic,size_cut,JT60U,100,0.9,0.69,0.31970574590790957,1.3767225984697504,0.2748479842757165,False,split,size_cut
ipb98y2_analytic,size_cut,TFTR,2,0.9,1.0,0.31970574590790957,1.3767225984697504,0.17906413557770298,False,split,size_cut
ridge_loglinear,size_cut,JET,1762,0.9,0.8359818388195233,0.31609685294762135,1.3717631084928388,0.22175448456106703,True,split,size_cut
ridge_loglinear,size_cut,JETILW,866,0.9,0.48614318706697457,0.31609685294762135,1.3717631084928388,0.34264522217827603,True,split,size_cut
ridge_loglinear,size_cut,JT60U,100,0.9,0.28,0.31609685294762135,1.3717631084928388,0.44417454923011807,True,split,size_cut
ridge_loglinear,size_cut,TFTR,2,0.9,1.0,0.31609685294762135,1.3717631084928388,0.2033228365789672,True,split,size_cut
random_forest,size_cut,JET,1762,0.9,0.010783200908059024,0.23051314904992393,1.2592460250656583,1.0676787452561665,True,split,size_cut
random_forest,size_cut,JETILW,866,0.9,0.061200923787528866,0.23051314904992393,1.2592460250656583,0.6213536283732344,True,split,size_cut
random_forest,size_cut,JT60U,100,0.9,0.01,0.23051314904992393,1.2592460250656583,0.5654672640977346,True,split,size_cut
random_forest,size_cut,TFTR,2,0.9,0.0,0.23051314904992393,1.2592460250656583,0.46730779321601223,True,split,size_cut
hist_gradient_boosting,size_cut,JET,1762,0.9,0.0,0.22143039289846422,1.2478603852531214,1.1337186655795166,True,split,size_cut
hist_gradient_boosting,size_cut,JETILW,866,0.9,0.009237875288683603,0.22143039289846422,1.2478603852531214,0.6971960562388646,True,split,size_cut
hist_gradient_boosting,size_cut,JT60U,100,0.9,0.0,0.22143039289846422,1.2478603852531214,0.6829675453364457,True,split,size_cut
hist_gradient_boosting,size_cut,TFTR,2,0.9,0.0,0.22143039289846422,1.2478603852531214,0.6552309915364012,True,split,size_cut
powerlaw_collisionless,size_cut,JET,1762,0.9,0.9591373439273553,0.30988954275287206,1.3632745222645404,0.1482531056472474,True,split,size_cut
powerlaw_collisionless,size_cut,JETILW,866,0.9,0.8521939953810623,0.30988954275287206,1.3632745222645404,0.2129591833895068,True,split,size_cut
powerlaw_collisionless,size_cut,JT60U,100,0.9,0.66,0.30988954275287206,1.3632745222645404,0.3032138060872576,True,split,size_cut
powerlaw_collisionless,size_cut,TFTR,2,0.9,1.0,0.30988954275287206,1.3632745222645404,0.266361829197214,True,split,size_cut
ipb98y2_analytic,size_cut,JET,1762,0.9,0.9659477866061293,0.32525909821663657,1.3843892923132015,0.14786640407873294,False,machine_cv,size_cut
ipb98y2_analytic,size_cut,JETILW,866,0.9,0.7517321016166282,0.32525909821663657,1.3843892923132015,0.256629652478898,False,machine_cv,size_cut
ipb98y2_analytic,size_cut,JT60U,100,0.9,0.69,0.32525909821663657,1.3843892923132015,0.2748479842757165,False,machine_cv,size_cut
ipb98y2_analytic,size_cut,TFTR,2,0.9,1.0,0.32525909821663657,1.3843892923132015,0.17906413557770298,False,machine_cv,size_cut
ridge_loglinear,size_cut,JET,1762,0.9,0.8853575482406356,0.35523235198868397,1.4265120686936328,0.2227528899413718,True,machine_cv,size_cut
ridge_loglinear,size_cut,JETILW,866,0.9,0.5831408775981525,0.35523235198868397,1.4265120686936328,0.3462301877040043,True,machine_cv,size_cut
ridge_loglinear,size_cut,JT60U,100,0.9,0.38,0.35523235198868397,1.4265120686936328,0.4403848652290405,True,machine_cv,size_cut
ridge_loglinear,size_cut,TFTR,2,0.9,1.0,0.35523235198868397,1.4265120686936328,0.2031771651404652,True,machine_cv,size_cut
random_forest,size_cut,JET,1762,0.9,0.13961407491486946,0.6488174438937024,1.9132769333653217,1.063188173219838,True,machine_cv,size_cut
random_forest,size_cut,JETILW,866,0.9,0.5207852193995381,0.6488174438937024,1.9132769333653217,0.6596761211173506,True,machine_cv,size_cut
random_forest,size_cut,JT60U,100,0.9,0.8,0.6488174438937024,1.9132769333653217,0.5627277329981477,True,machine_cv,size_cut
random_forest,size_cut,TFTR,2,0.9,1.0,0.6488174438937024,1.9132769333653217,0.5229918650113783,True,machine_cv,size_cut
hist_gradient_boosting,size_cut,JET,1762,0.9,0.014188422247446084,0.48574612429770214,1.6253872974848136,1.2052075899403094,True,machine_cv,size_cut
hist_gradient_boosting,size_cut,JETILW,866,0.9,0.07390300230946882,0.48574612429770214,1.6253872974848136,0.7798675028166033,True,machine_cv,size_cut
hist_gradient_boosting,size_cut,JT60U,100,0.9,0.14,0.48574612429770214,1.6253872974848136,0.7003209357382123,True,machine_cv,size_cut
hist_gradient_boosting,size_cut,TFTR,2,0.9,0.0,0.48574612429770214,1.6253872974848136,0.6044309220541901,True,machine_cv,size_cut
powerlaw_collisionless,size_cut,JET,1762,0.9,0.9778660612939841,0.35950786745259133,1.4326242000480174,0.149049689174365,True,machine_cv,size_cut
powerlaw_collisionless,size_cut,JETILW,866,0.9,0.9145496535796767,0.35950786745259133,1.4326242000480174,0.22351716181917677,True,machine_cv,size_cut
powerlaw_collisionless,size_cut,JT60U,100,0.9,0.77,0.35950786745259133,1.4326242000480174,0.30250985896703353,True,machine_cv,size_cut
powerlaw_collisionless,size_cut,TFTR,2,0.9,1.0,0.35950786745259133,1.4326242000480174,0.26959118413383176,True,machine_cv,size_cut
ipb98y2_analytic,size_cut,JET,1762,0.9,0.9523269012485811,0.30577364466139567,1.357674954789743,0.14786640407873294,False,machine_cv_distance,size_cut
ipb98y2_analytic,size_cut,JETILW,866,0.9,0.710161662817552,0.3097318715901395,1.3630595901302363,0.256629652478898,False,machine_cv_distance,size_cut
ipb98y2_analytic,size_cut,JT60U,100,0.9,0.68,0.3059354761905022,1.3578946871830415,0.2748479842757165,False,machine_cv_distance,size_cut
ipb98y2_analytic,size_cut,TFTR,2,0.9,1.0,0.3017462649312219,1.3522180780298645,0.17906413557770298,False,machine_cv_distance,size_cut
ridge_loglinear,size_cut,JET,1762,0.9,0.9160045402951191,0.380731927740296,1.463355267871265,0.2227528899413718,True,machine_cv_distance,size_cut
ridge_loglinear,size_cut,JETILW,866,0.9,0.651270207852194,0.375957163726373,1.4563847463393726,0.3462301877040043,True,machine_cv_distance,size_cut
ridge_loglinear,size_cut,JT60U,100,0.9,0.45,0.38053432765544404,1.463066137313217,0.4403848652290405,True,machine_cv_distance,size_cut
ridge_loglinear,size_cut,TFTR,2,0.9,1.0,0.385717856268591,1.4706696720439048,0.2031771651404652,True,machine_cv_distance,size_cut
random_forest,size_cut,JET,1762,0.9,0.2599318955732123,0.7666535664550441,2.1525508192636202,1.063188173219838,True,machine_cv_distance,size_cut
random_forest,size_cut,JETILW,866,0.9,0.6339491916859122,0.7083453899376113,2.030628578972373,0.6596761211173506,True,machine_cv_distance,size_cut
random_forest,size_cut,JT60U,100,0.9,0.92,0.7641634996883317,2.147197491842342,0.5627277329981477,True,machine_cv_distance,size_cut
random_forest,size_cut,TFTR,2,0.9,1.0,0.8318080143388044,2.2974688440230526,0.5229918650113783,True,machine_cv_distance,size_cut
hist_gradient_boosting,size_cut,JET,1762,0.9,0.05959137343927355,0.5879432085102411,1.8002818005510817,1.2052075899403094,True,machine_cv_distance,size_cut
hist_gradient_boosting,size_cut,JETILW,866,0.9,0.23441108545034642,0.5577212139338087,1.74668763424898,0.7798675028166033,True,machine_cv_distance,size_cut
hist_gradient_boosting,size_cut,JT60U,100,0.9,0.33,0.5866684767995007,1.7979883863061377,0.7003209357382123,True,machine_cv_distance,size_cut
hist_gradient_boosting,size_cut,TFTR,2,0.9,1.0,0.6208195229545862,1.8604521004627705,0.6044309220541901,True,machine_cv_distance,size_cut
powerlaw_collisionless,size_cut,JET,1762,0.9,0.9597048808172531,0.32179081003372473,1.379596148097579,0.149049689174365,True,machine_cv_distance,size_cut
powerlaw_collisionless,size_cut,JETILW,866,0.9,0.8545034642032333,0.3292660582362593,1.3899476134073887,0.22351716181917677,True,machine_cv_distance,size_cut
powerlaw_collisionless,size_cut,JT60U,100,0.9,0.7,0.3220949623763869,1.3800158193167074,0.30250985896703353,True,machine_cv_distance,size_cut
powerlaw_collisionless,size_cut,TFTR,2,0.9,1.0,0.31426281667619094,1.3692495508785392,0.26959118413383176,True,machine_cv_distance,size_cut
