model_name,scope,n_train_machines,size_ratio,n_held_out_rows,rmsle,r2_log,mae_s,is_blind,n_train_rows,well_powered
ipb98y2_analytic,__pooled__,3,5.022898507903679,6160,0.1996221100506206,0.945227734638304,0.027155981731802857,False,68,False
mean_baseline,__pooled__,3,5.022898507903679,6160,1.66815663576347,-2.8248734850410813,0.1479383327448733,True,68,False
ridge_loglinear,__pooled__,3,5.022898507903679,6160,0.34526079416494704,0.8361532051636335,0.04917453034046254,True,68,False
random_forest,__pooled__,3,5.022898507903679,6160,1.7132484734000861,-3.0344480430526257,0.15012540278039171,True,68,False
hist_gradient_boosting,__pooled__,3,5.022898507903679,6160,1.5696282770302965,-2.3863905830686805,0.14100439776409796,True,68,False
powerlaw_free,__pooled__,3,5.022898507903679,6160,6.003556200580017,-48.54052228501551,8061928.246412993,True,68,False
powerlaw_kadomtsev,__pooled__,3,5.022898507903679,6160,5.019565644223316,-33.631850351097455,452026.80272038694,True,68,False
powerlaw_collisionless,__pooled__,3,5.022898507903679,6160,5.081900500338175,-34.497333853323816,560967.0910874938,True,68,False
powerlaw_electrostatic,__pooled__,3,5.022898507903679,6160,4.418329782950142,-25.832409705067054,44803.38288579048,True,68,False
hybrid_gbm_s1,__pooled__,3,5.022898507903679,6160,0.34955192101727905,0.8320551053634688,0.05104730006209376,True,68,False
ipb98y2_analytic,__pooled__,4,3.924837061543754,6121,0.1999607195714666,0.9446273552525486,0.027303850262391842,False,107,False
mean_baseline,__pooled__,4,3.924837061543754,6121,1.613371995645351,-2.604748036354585,0.14689659039731376,True,107,False
ridge_loglinear,__pooled__,4,3.924837061543754,6121,0.40085229219822743,0.7774771426295325,0.03773299002166343,True,107,False
random_forest,__pooled__,4,3.924837061543754,6121,1.1491864090586152,-0.8288868931205697,0.1271756400475472,True,107,False
hist_gradient_boosting,__pooled__,4,3.924837061543754,6121,1.1852544420285702,-0.9454902941009171,0.12827191762481063,True,107,False
powerlaw_free,__pooled__,4,3.924837061543754,6121,0.2855424306948738,0.8870861567990577,0.04070843471320557,True,107,False
powerlaw_kadomtsev,__pooled__,4,3.924837061543754,6121,0.2572788917507441,0.9083327510378717,0.034148116478501175,True,107,False
powerlaw_collisionless,__pooled__,4,3.924837061543754,6121,0.2601614581626361,0.9062671544904161,0.036538999542460635,True,107,False
powerlaw_electrostatic,__pooled__,4,3.924837061543754,6121,0.3115968834842391,0.8655403130234129,0.047474814601843905,True,107,False
hybrid_gbm_s1,__pooled__,4,3.924837061543754,6121,0.4046161835597978,0.773278668197344,0.03807008098683604,True,107,False
ipb98y2_analytic,__pooled__,5,3.924837061543754,6114,0.20005077117901804,0.9442994876124348,0.02733360298491813,False,114,False
mean_baseline,__pooled__,5,3.924837061543754,6114,1.6448787695367169,-2.7657069585492438,0.14805482733681313,True,114,False
ridge_loglinear,__pooled__,5,3.924837061543754,6114,0.35383634628797933,0.825745655702863,0.035941572112258166,True,114,False
random_forest,__pooled__,5,3.924837061543754,6114,1.1723220346912544,-0.9128133157988567,0.12880979400799117,True,114,False
hist_gradient_boosting,__pooled__,5,3.924837061543754,6114,1.16572716802224,-0.8913528869406062,0.12792076060472346,True,114,False
powerlaw_free,__pooled__,5,3.924837061543754,6114,0.40009715402193163,0.7772028378336294,0.06343628698782477,True,114,False
powerlaw_kadomtsev,__pooled__,5,3.924837061543754,6114,0.2681989382369255,0.8998864552376594,0.0325783112452031,True,114,False
powerlaw_collisionless,__pooled__,5,3.924837061543754,6114,0.2670547193734766,0.9007388631599224,0.03432831567883358,True,114,False
powerlaw_electrostatic,__pooled__,5,3.924837061543754,6114,0.3131037718014312,0.8635557214836308,0.047998773744994255,True,114,False
hybrid_gbm_s1,__pooled__,5,3.924837061543754,6114,0.35127687590199236,0.8282574709828844,0.035797742495081296,True,114,False
ipb98y2_analytic,__pooled__,6,3.682842287694974,5929,0.19931904239829404,0.9420274432869793,0.028004784020887078,False,299,False
mean_baseline,__pooled__,6,3.682842287694974,5929,1.606484257931244,-2.76597834617722,0.1503227654911111,True,299,False
ridge_loglinear,__pooled__,6,3.682842287694974,5929,0.5289298262239039,0.5917548959825645,0.09047621855890416,True,299,False
random_forest,__pooled__,6,3.682842287694974,5929,1.553796235402906,-2.5230028936326407,0.1482631726054519,True,299,False
hist_gradient_boosting,__pooled__,6,3.682842287694974,5929,1.470614684191647,-2.155895879386697,0.1458088992472974,True,299,False
powerlaw_free,__pooled__,6,3.682842287694974,5929,0.9708197058223564,-0.3753145460548508,0.26880887578457807,True,299,False
powerlaw_kadomtsev,__pooled__,6,3.682842287694974,5929,0.2742415587403794,0.8902533158403875,0.03596646929293266,True,299,False
powerlaw_collisionless,__pooled__,6,3.682842287694974,5929,0.3307663458132495,0.8403505227543477,0.04548771139920345,True,299,False
powerlaw_electrostatic,__pooled__,6,3.682842287694974,5929,0.38042297908000205,0.7888172920212413,0.05275534562598025,True,299,False
hybrid_gbm_s1,__pooled__,6,3.682842287694974,5929,0.5309530562495055,0.5886257342549907,0.0874037840544391,True,299,False
ipb98y2_analytic,__pooled__,7,3.682842287694974,5918,0.1983407963845183,0.9423219562572641,0.028026532349727417,False,310,False
mean_baseline,__pooled__,7,3.682842287694974,5918,1.612936012701409,-2.8143513455961657,0.1507611508046748,True,310,False
ridge_loglinear,__pooled__,7,3.682842287694974,5918,0.2816358062005545,0.8837047024969178,0.03743323264080237,True,310,False
random_forest,__pooled__,7,3.682842287694974,5918,1.6831923772509036,-3.1538798260613428,0.15275921737245085,True,310,False
hist_gradient_boosting,__pooled__,7,3.682842287694974,5918,1.4967954447718819,-2.2848180787097383,0.1464805104309091,True,310,False
powerlaw_free,__pooled__,7,3.682842287694974,5918,0.35336459973125195,0.816923544471339,0.047646689057816514,True,310,False
powerlaw_kadomtsev,__pooled__,7,3.682842287694974,5918,0.2803515331348392,0.884762908748409,0.03674067954352292,True,310,False
powerlaw_collisionless,__pooled__,7,3.682842287694974,5918,0.34023125036355883,0.8302792981283642,0.04675429088460641,True,310,False
powerlaw_electrostatic,__pooled__,7,3.682842287694974,5918,0.3830270209200709,0.7848976069498173,0.05306067957917713,True,310,False
hybrid_gbm_s1,__pooled__,7,3.682842287694974,5918,0.290139308801251,0.8765760160067296,0.03910512559372707,True,310,False
ipb98y2_analytic,__pooled__,8,2.5894897182025893,5849,0.19924268224246197,0.9395261018961305,0.028332370398708083,False,379,False
mean_baseline,__pooled__,8,2.5894897182025893,5849,1.6660790501830764,-3.228578637439794,0.15392343026818056,True,379,False
ridge_loglinear,__pooled__,8,2.5894897182025893,5849,0.31044529834480605,0.8531840031258973,0.04303799007594932,True,379,False
random_forest,__pooled__,8,2.5894897182025893,5849,1.6745557211991784,-3.271716391492289,0.1536625702203859,True,379,False
hist_gradient_boosting,__pooled__,8,2.5894897182025893,5849,1.4257105513315251,-2.096463263888347,0.14512750972955699,True,379,False
powerlaw_free,__pooled__,8,2.5894897182025893,5849,0.3101694824546566,0.8534447653052742,0.04228870046300158,True,379,False
powerlaw_kadomtsev,__pooled__,8,2.5894897182025893,5849,0.2900434843987709,0.8718468067507069,0.03869214459262287,True,379,False
powerlaw_collisionless,__pooled__,8,2.5894897182025893,5849,0.32036744782942284,0.8436492504928943,0.04445114694342348,True,379,False
powerlaw_electrostatic,__pooled__,8,2.5894897182025893,5849,0.3492444486054156,0.8141929331597666,0.04899306881858437,True,379,False
hybrid_gbm_s1,__pooled__,8,2.5894897182025893,5849,0.2944946818706368,0.8678831782827308,0.03958361513659748,True,379,False
ipb98y2_analytic,__pooled__,9,2.428571428571429,5752,0.1987398164629478,0.9371765586017706,0.02871800882335409,False,476,False
mean_baseline,__pooled__,9,2.428571428571429,5752,1.682955063272373,-3.505022807881275,0.1565048066347058,True,476,False
ridge_loglinear,__pooled__,9,2.428571428571429,5752,0.2523163503000443,0.8987388763681777,0.0343735649417914,True,476,False
random_forest,__pooled__,9,2.428571428571429,5752,1.7430705688258945,-3.8326116233434613,0.1582442022666581,True,476,False
hist_gradient_boosting,__pooled__,9,2.428571428571429,5752,1.497377567653143,-2.5662731129806233,0.15012191697661087,True,476,False
powerlaw_free,__pooled__,9,2.428571428571429,5752,0.2691417754874685,0.8847836321423832,0.03686058356190465,True,476,False
powerlaw_kadomtsev,__pooled__,9,2.428571428571429,5752,0.2594048003552724,0.8929693972539604,0.03477695078236789,True,476,False
powerlaw_collisionless,__pooled__,9,2.428571428571429,5752,0.2770789978207316,0.8778877677491932,0.04043162741974852,True,476,False
powerlaw_electrostatic,__pooled__,9,2.428571428571429,5752,0.3195355116008424,0.8375984331092952,0.0472256959968288,True,476,False
hybrid_gbm_s1,__pooled__,9,2.428571428571429,5752,0.2483262802408445,0.9019161915877074,0.03308410120336747,True,476,False
ipb98y2_analytic,__pooled__,10,2.0334928229665072,4985,0.1955523477919212,0.9389108395327639,0.0309222728089224,False,1243,True
mean_baseline,__pooled__,10,2.0334928229665072,4985,1.3460117466666535,-1.8942483068473739,0.1564328008332185,True,1243,True
ridge_loglinear,__pooled__,10,2.0334928229665072,4985,0.24176064806222014,0.9066295804586603,0.037399842226940254,True,1243,True
random_forest,__pooled__,10,2.0334928229665072,4985,1.271055858507716,-1.580877320847076,0.1473042840680934,True,1243,True
hist_gradient_boosting,__pooled__,10,2.0334928229665072,4985,1.1285886068249373,-1.0347422891197855,0.13925592463132483,True,1243,True
powerlaw_free,__pooled__,10,2.0334928229665072,4985,0.23989537195746735,0.9080647995651601,0.036887902166305504,True,1243,True
powerlaw_kadomtsev,__pooled__,10,2.0334928229665072,4985,0.21541856052200847,0.9258682372930858,0.031327791298050876,True,1243,True
powerlaw_collisionless,__pooled__,10,2.0334928229665072,4985,0.2204325670319955,0.9223771464071624,0.031717315845900665,True,1243,True
powerlaw_electrostatic,__pooled__,10,2.0334928229665072,4985,0.2711562831337579,0.8825433980870389,0.04202656009539857,True,1243,True
hybrid_gbm_s1,__pooled__,10,2.0334928229665072,4985,0.28722482118753256,0.8682101318847583,0.04804743833926733,True,1243,True
ipb98y2_analytic,__pooled__,11,2.0334928229665072,4926,0.1958206532207548,0.9377173329330544,0.03121137776889363,False,1302,True
mean_baseline,__pooled__,11,2.0334928229665072,4926,1.357708538527044,-1.9940793794666147,0.15839782910222538,True,1302,True
ridge_loglinear,__pooled__,11,2.0334928229665072,4926,0.2328295302046073,0.9119506132684603,0.0370963742073109,True,1302,True
random_forest,__pooled__,11,2.0334928229665072,4926,1.3012910547189576,-1.7504205264249806,0.14999854060890142,True,1302,True
hist_gradient_boosting,__pooled__,11,2.0334928229665072,4926,1.1422607346717948,-1.119242759266141,0.1410609459987196,True,1302,True
powerlaw_free,__pooled__,11,2.0334928229665072,4926,0.23045956029435496,0.9137339983011451,0.03641941838886451,True,1302,True
powerlaw_kadomtsev,__pooled__,11,2.0334928229665072,4926,0.20610498283654166,0.9310034787152217,0.03028292174944756,True,1302,True
powerlaw_collisionless,__pooled__,11,2.0334928229665072,4926,0.21411267773767242,0.9255379518896604,0.031599999539680894,True,1302,True
powerlaw_electrostatic,__pooled__,11,2.0334928229665072,4926,0.2687848638147803,0.8826562862971199,0.04290861935386831,True,1302,True
hybrid_gbm_s1,__pooled__,11,2.0334928229665072,4926,0.26739145051569435,0.883869780729263,0.045522731450191,True,1302,True
ipb98y2_analytic,__pooled__,12,2.005899705014749,3549,0.1952171202100804,0.9426387598927793,0.03757046942088432,False,2679,True
mean_baseline,__pooled__,12,2.005899705014749,3549,1.296607179243921,-1.5304605555686952,0.1878633854119821,True,2679,True
ridge_loglinear,__pooled__,12,2.005899705014749,3549,0.25519532201517764,0.901976964731825,0.05898461022633705,True,2679,True
random_forest,__pooled__,12,2.005899705014749,3549,1.2208469365449033,-1.2433919835123963,0.17809864209428994,True,2679,True
hist_gradient_boosting,__pooled__,12,2.005899705014749,3549,1.1972622844642502,-1.1575522985238695,0.1761214860043005,True,2679,True
powerlaw_free,__pooled__,12,2.005899705014749,3549,0.2564803866469642,0.9009872671737623,0.05950494322211579,True,2679,True
powerlaw_kadomtsev,__pooled__,12,2.005899705014749,3549,0.25098955147483604,0.9051812964270158,0.05735655009720391,True,2679,True
powerlaw_collisionless,__pooled__,12,2.005899705014749,3549,0.19828132646814686,0.9408238973149828,0.03912536945428885,True,2679,True
powerlaw_electrostatic,__pooled__,12,2.005899705014749,3549,0.22801249631979767,0.9217471746662669,0.04624448315155397,True,2679,True
hybrid_gbm_s1,__pooled__,12,2.005899705014749,3549,0.223158738538163,0.9250432887176889,0.04637941271531477,True,2679,True
ipb98y2_analytic,__pooled__,13,1.998824221046443,3118,0.20245781788747105,0.8515624651042903,0.0422282166777013,False,3110,True
mean_baseline,__pooled__,13,1.998824221046443,3118,1.4461810235245474,-6.573906633612587,0.21550981241155112,True,3110,True
ridge_loglinear,__pooled__,13,1.998824221046443,3118,0.2449270221943438,0.7827558778171437,0.057328367347390226,True,3110,True
random_forest,__pooled__,13,1.998824221046443,3118,1.3528600616699271,-5.627967680695977,0.20690857770031806,True,3110,True
hist_gradient_boosting,__pooled__,13,1.998824221046443,3118,1.322879351238232,-5.337458162828072,0.20406257822807813,True,3110,True
powerlaw_free,__pooled__,13,1.998824221046443,3118,0.24624348717902764,0.7804142588592051,0.05784502228052878,True,3110,True
powerlaw_kadomtsev,__pooled__,13,1.998824221046443,3118,0.23625865441619917,0.797861014187251,0.05441037574745538,True,3110,True
powerlaw_collisionless,__pooled__,13,1.998824221046443,3118,0.18943307493402045,0.8700470185062223,0.04006262872879608,True,3110,True
powerlaw_electrostatic,__pooled__,13,1.998824221046443,3118,0.2377608015579573,0.7952824183730238,0.05199025320821707,True,3110,True
hybrid_gbm_s1,__pooled__,13,1.998824221046443,3118,0.1945044231212589,0.8629958906486017,0.0419539704631786,True,3110,True
ipb98y2_analytic,__pooled__,14,1.8230563002680964,2730,0.19440636965136043,0.8126329439726376,0.044716612273198446,False,3498,True
mean_baseline,__pooled__,14,1.8230563002680964,2730,1.459310027451591,-9.557653046327964,0.23302298443202116,True,3498,True
ridge_loglinear,__pooled__,14,1.8230563002680964,2730,0.27782310857361403,0.6173435967119197,0.07409390770407948,True,3498,True
random_forest,__pooled__,14,1.8230563002680964,2730,0.9377674151597658,-3.359759459795333,0.18505310223575516,True,3498,True
hist_gradient_boosting,__pooled__,14,1.8230563002680964,2730,1.0717519585509527,-4.694568534505263,0.1995699638643632,True,3498,True
powerlaw_free,__pooled__,14,1.8230563002680964,2730,0.27898983803772165,0.6141228858158789,0.0746157594183246,True,3498,True
powerlaw_kadomtsev,__pooled__,14,1.8230563002680964,2730,0.2538666245120225,0.680490725184876,0.06517592422774388,True,3498,True
powerlaw_collisionless,__pooled__,14,1.8230563002680964,2730,0.18328117409529868,0.8334640614421567,0.04414907624806591,True,3498,True
powerlaw_electrostatic,__pooled__,14,1.8230563002680964,2730,0.23745494042614076,0.7204659787700576,0.05796857855941582,True,3498,True
hybrid_gbm_s1,__pooled__,14,1.8230563002680964,2730,0.20573501653465057,0.7901598035912274,0.049167446178855,True,3498,True
ipb98y2_analytic,__pooled__,15,1.3843648208469055,2728,0.19441717348752857,0.8125049355804705,0.04473145578401007,False,3500,True
mean_baseline,__pooled__,15,1.3843648208469055,2728,1.4592590342426606,-9.56295358723613,0.2331034954158401,True,3500,True
ridge_loglinear,__pooled__,15,1.3843648208469055,2728,0.2787342722170492,0.6146092090021642,0.0744718729117509,True,3500,True
random_forest,__pooled__,15,1.3843648208469055,2728,0.9348017673012582,-3.3347059278762217,0.18462486988136698,True,3500,True
hist_gradient_boosting,__pooled__,15,1.3843648208469055,2728,0.9977453796895946,-3.9381018236997365,0.19201347290795126,True,3500,True
powerlaw_free,__pooled__,15,1.3843648208469055,2728,0.27990375557016145,0.6113684619831716,0.07499557704539805,True,3500,True
powerlaw_kadomtsev,__pooled__,15,1.3843648208469055,2728,0.25438753556692506,0.678994668041737,0.0653875069099721,True,3500,True
powerlaw_collisionless,__pooled__,15,1.3843648208469055,2728,0.18351719448642378,0.8329393707711542,0.04424519914243725,True,3500,True
powerlaw_electrostatic,__pooled__,15,1.3843648208469055,2728,0.23760393831174126,0.7199549762854066,0.05802718911077755,True,3500,True
hybrid_gbm_s1,__pooled__,15,1.3843648208469055,2728,0.2174098253977929,0.765534512755682,0.052479218297919863,True,3500,True
ipb98y2_analytic,__pooled__,16,1.1441015895668163,1862,0.15731252575504368,0.8627527884795952,0.04073338959793046,False,4366,True
mean_baseline,__pooled__,16,1.1441015895668163,1862,1.405404284234528,-9.95416977894983,0.26422657689614215,True,4366,True
ridge_loglinear,__pooled__,16,1.1441015895668163,1862,0.1892487418683173,0.8013708777095583,0.05361759217420759,True,4366,True
random_forest,__pooled__,16,1.1441015895668163,1862,0.4817173722359798,-0.286949598719211,0.1256002571805493,True,4366,True
hist_gradient_boosting,__pooled__,16,1.1441015895668163,1862,0.4851960071948543,-0.3056036578215289,0.1290866774392868,True,4366,True
powerlaw_free,__pooled__,16,1.1441015895668163,1862,0.18883175801037852,0.8022452179026083,0.053506853221576084,True,4366,True
powerlaw_kadomtsev,__pooled__,16,1.1441015895668163,1862,0.17704497360093824,0.8261622371161498,0.050623863227105985,True,4366,True
powerlaw_collisionless,__pooled__,16,1.1441015895668163,1862,0.17485316349202587,0.830439804059661,0.049756175689467025,True,4366,True
powerlaw_electrostatic,__pooled__,16,1.1441015895668163,1862,0.26931790903926317,0.5977394995774075,0.07715030566036363,True,4366,True
hybrid_gbm_s1,__pooled__,16,1.1441015895668163,1862,0.22640710757559765,0.7157129777290292,0.06434658732205067,True,4366,True
ipb98y2_analytic,__pooled__,17,1.1294592332437212,100,0.2748479842757165,0.33242406834708016,0.05207984580029731,False,6128,True
mean_baseline,__pooled__,17,1.1294592332437212,100,0.4782029879765733,-1.0208781529655213,0.06662185225844898,True,6128,True
ridge_loglinear,__pooled__,17,1.1294592332437212,100,0.2853670935561867,0.28034666537844655,0.056359094054382934,True,6128,True
random_forest,__pooled__,17,1.1294592332437212,100,0.29120318766011555,0.2506101484711377,0.05281258298844948,True,6128,True
hist_gradient_boosting,__pooled__,17,1.1294592332437212,100,0.30701737969020504,0.16700675486590866,0.048244626300737135,True,6128,True
powerlaw_free,__pooled__,17,1.1294592332437212,100,0.2854367449869338,0.27999532142403805,0.056381303688779374,True,6128,True
powerlaw_kadomtsev,__pooled__,17,1.1294592332437212,100,0.28397095546858975,0.2873711447585908,0.05602452823570214,True,6128,True
powerlaw_collisionless,__pooled__,17,1.1294592332437212,100,0.26841848271453983,0.363291874433738,0.051868347205692354,True,6128,True
powerlaw_electrostatic,__pooled__,17,1.1294592332437212,100,0.20552280715606208,0.6267192410901352,0.03144493195928752,True,6128,True
hybrid_gbm_s1,__pooled__,17,1.1294592332437212,100,0.2724290813218435,0.34412286660498426,0.05238053161770723,True,6128,True
