model_name,tokamak,n_held_out_rows,rmsle,r2_log,mae_s,is_blind,feature_mahalanobis,n_features_outside_train_range,target_above_train_max_fraction,target_below_train_min_fraction,log_target_headroom
ipb98y2_analytic,JET,1762,0.14786640407873294,0.8651906375969376,0.04008943635148512,False,2.189768389167002,0,0.48127128263337116,0.0,1.3108840862714626
mean_baseline,JET,1762,1.4160599734986126,-11.36358235064167,0.2721470340946211,True,2.189768389167002,0,0.48127128263337116,0.0,1.3108840862714626
ridge_loglinear,JET,1762,0.1979097980970751,0.758500840773906,0.05720913257823337,True,2.189768389167002,0,0.48127128263337116,0.0,1.3108840862714626
random_forest,JET,1762,0.47798512070328486,-0.40867169026510974,0.12794117115762435,True,2.189768389167002,0,0.48127128263337116,0.0,1.3108840862714626
hist_gradient_boosting,JET,1762,0.4867978709251852,-0.46109472174318844,0.1306848224359706,True,2.189768389167002,0,0.48127128263337116,0.0,1.3108840862714626
ridge_log_quadratic,JET,1762,0.28085664764617957,0.5136482901234838,0.0843957476655902,True,2.189768389167002,0,0.48127128263337116,0.0,1.3108840862714626
ipb98y2_analytic,AUG,1377,0.1973676563878414,0.6567435503035044,0.014821823467575594,False,1.2399939601552896,0,0.0,0.0,-1.4736930395047774
mean_baseline,AUG,1377,0.5014227191370254,-1.215515298386586,0.04064398252953401,True,1.2399939601552896,0,0.0,0.0,-1.4736930395047774
ridge_loglinear,AUG,1377,0.21552600328195384,0.5906770563026931,0.016697092862935747,True,1.2399939601552896,0,0.0,0.0,-1.4736930395047774
random_forest,AUG,1377,0.27930960871770744,0.3125541560448577,0.020491376539165572,True,1.2399939601552896,0,0.0,0.0,-1.4736930395047774
hist_gradient_boosting,AUG,1377,0.2812302860575839,0.3030671827480822,0.02010304886970401,True,1.2399939601552896,0,0.0,0.0,-1.4736930395047774
ridge_log_quadratic,AUG,1377,0.2008945064797325,0.6443663395403154,0.015426510738150793,True,1.2399939601552896,0,0.0,0.0,-1.4736930395047774
ipb98y2_analytic,JETILW,866,0.256629652478898,0.13749508121821863,0.05332775975454151,False,1.7024302608804454,0,0.0,0.0,-1.3108840862714626
mean_baseline,JETILW,866,0.5796072741547035,-3.399624009395616,0.0854752840865713,True,1.7024302608804454,0,0.0,0.0,-1.3108840862714626
ridge_loglinear,JETILW,866,0.21586955727909324,0.389717789674932,0.04216136888941527,True,1.7024302608804454,0,0.0,0.0,-1.3108840862714626
random_forest,JETILW,866,0.31834579995994233,-0.32722990225589466,0.061752714555080634,True,1.7024302608804454,0,0.0,0.0,-1.3108840862714626
hist_gradient_boosting,JETILW,866,0.2439381925302502,0.2206949115732193,0.04743717671297204,True,1.7024302608804454,0,0.0,0.0,-1.3108840862714626
ridge_log_quadratic,JETILW,866,0.19220679555219378,0.5161782529454217,0.03770348213552943,True,1.7024302608804454,0,0.0,0.0,-1.3108840862714626
ipb98y2_analytic,AUGW,767,0.21832511500257962,0.6044299823384836,0.014391729855872958,False,1.6457652294950753,0,0.0,0.0,-2.1960652133406504
mean_baseline,AUGW,767,0.7285625526189853,-3.4050380271324254,0.05987608122901125,True,1.6457652294950753,0,0.0,0.0,-2.1960652133406504
ridge_loglinear,AUGW,767,0.2074398929329735,0.6428912177897801,0.013131906920709865,True,1.6457652294950753,0,0.0,0.0,-2.1960652133406504
random_forest,AUGW,767,0.2194924927440094,0.6001884712818246,0.015500847296134967,True,1.6457652294950753,0,0.0,0.0,-2.1960652133406504
hist_gradient_boosting,AUGW,767,0.21219271101172096,0.6263397548171405,0.014713616643866938,True,1.6457652294950753,0,0.0,0.0,-2.1960652133406504
ridge_log_quadratic,AUGW,767,0.19102144058296838,0.6971830342768758,0.012811567507930206,True,1.6457652294950753,0,0.0,0.0,-2.1960652133406504
ipb98y2_analytic,ASDEX,431,0.13144904229087115,0.7497895916998001,0.003874747966695577,False,5.187342932450245,0,0.0,0.0,-2.9420335462508644
mean_baseline,ASDEX,431,1.4165006205202904,-28.055212579127588,0.10188523025602599,True,5.187342932450245,0,0.0,0.0,-2.9420335462508644
ridge_loglinear,ASDEX,431,0.1935999461699966,0.4572485611244721,0.005498660848115468,True,5.187342932450245,0,0.0,0.0,-2.9420335462508644
random_forest,ASDEX,431,0.5067383872546776,-2.7184173163467684,0.020079363481221784,True,5.187342932450245,0,0.0,0.0,-2.9420335462508644
hist_gradient_boosting,ASDEX,431,0.20697949141905117,0.3796380534742231,0.005472780705782539,True,5.187342932450245,0,0.0,0.0,-2.9420335462508644
ridge_log_quadratic,ASDEX,431,0.4053897620089424,-1.37977595469245,0.010532669739988402,True,5.187342932450245,0,0.0,0.0,-2.9420335462508644
ipb98y2_analytic,D3D,388,0.25193607071646484,0.5820554734045065,0.024719660039280677,False,1.1410663145491857,0,0.0,0.0,-1.3602914771096872
mean_baseline,D3D,388,0.3990225966873555,-0.048414261022921457,0.03658335664889075,True,1.1410663145491857,0,0.0,0.0,-1.3602914771096872
ridge_loglinear,D3D,388,0.2512433460586729,0.5843506782544805,0.024186293337540417,True,1.1410663145491857,0,0.0,0.0,-1.3602914771096872
random_forest,D3D,388,0.4059948133516858,-0.08537273971232184,0.037543844534112955,True,1.1410663145491857,0,0.0,0.0,-1.3602914771096872
hist_gradient_boosting,D3D,388,0.24573867969801805,0.6023646560103164,0.024791134354654236,True,1.1410663145491857,0,0.0,0.0,-1.3602914771096872
ridge_log_quadratic,D3D,388,0.197617014413435,0.7428499541011422,0.02199568324230665,True,1.1410663145491857,0,0.0,0.0,-1.3602914771096872
ipb98y2_analytic,NSTX,185,0.22222938608255652,0.21352223032522444,0.00582315778351345,False,7.8308993076380045,0,0.0,0.0,-3.080738592569725
mean_baseline,NSTX,185,1.3281769591843104,-27.09282167329282,0.09328834651824526,True,7.8308993076380045,0,0.0,0.0,-3.080738592569725
ridge_loglinear,NSTX,185,0.28907712742060465,-0.33079432249033114,0.007526765242302527,True,7.8308993076380045,0,0.0,0.0,-3.080738592569725
random_forest,NSTX,185,0.857376361499742,-10.706484367601268,0.04293238555369703,True,7.8308993076380045,0,0.0,0.0,-3.080738592569725
hist_gradient_boosting,NSTX,185,0.6857023422989421,-6.4878087691517425,0.0282319697303056,True,7.8308993076380045,0,0.0,0.0,-3.080738592569725
ridge_log_quadratic,NSTX,185,0.2507380703274734,-0.001207367903498513,0.006806716730626637,True,7.8308993076380045,0,0.0,0.0,-3.080738592569725
ipb98y2_analytic,JT60U,100,0.2748479842757165,0.33242406834708016,0.05207984580029731,False,2.483394451114324,1,0.0,0.0,-1.393574580630702
mean_baseline,JT60U,100,0.4782029879765733,-1.0208781529655213,0.06662185225844898,True,2.483394451114324,1,0.0,0.0,-1.393574580630702
ridge_loglinear,JT60U,100,0.2853670935561867,0.28034666537844655,0.056359094054382934,True,2.483394451114324,1,0.0,0.0,-1.393574580630702
random_forest,JT60U,100,0.29120318766011555,0.2506101484711377,0.05281258298844948,True,2.483394451114324,1,0.0,0.0,-1.393574580630702
hist_gradient_boosting,JT60U,100,0.30701737969020504,0.16700675486590866,0.048244626300737135,True,2.483394451114324,1,0.0,0.0,-1.393574580630702
ridge_log_quadratic,JT60U,100,0.25035141948825834,0.44612001157202064,0.04704304917704301,True,2.483394451114324,1,0.0,0.0,-1.393574580630702
ipb98y2_analytic,PDX,97,0.2270798419649088,0.43089813858658277,0.0054644093825862525,False,4.045943810544166,0,0.0,0.0,-3.17619239011277
mean_baseline,PDX,97,1.439568117800691,-21.87163854454974,0.09478058577330609,True,4.045943810544166,0,0.0,0.0,-3.17619239011277
ridge_loglinear,PDX,97,0.23277730351044704,0.4019822074861821,0.0058925259782870165,True,4.045943810544166,0,0.0,0.0,-3.17619239011277
random_forest,PDX,97,0.4072255902711054,-0.8302185906926529,0.011402095336888905,True,4.045943810544166,0,0.0,0.0,-3.17619239011277
hist_gradient_boosting,PDX,97,0.3227021134914512,-0.1493080775259472,0.008224733415130917,True,4.045943810544166,0,0.0,0.0,-3.17619239011277
ridge_log_quadratic,PDX,97,0.3316730481922801,-0.21409649042150902,0.008580603303995736,True,4.045943810544166,0,0.0,0.0,-3.17619239011277
ipb98y2_analytic,JFT2M,69,0.0945692941473851,0.8238823937260398,0.0021012171542505115,False,5.434784443628557,0,0.0,0.0,-3.188958136145204
mean_baseline,JFT2M,69,1.628585559883982,-51.23043446982283,0.10076738251203782,True,5.434784443628557,0,0.0,0.0,-3.188958136145204
ridge_loglinear,JFT2M,69,0.09362793859749098,0.8273711401123618,0.001970894040318462,True,5.434784443628557,0,0.0,0.0,-3.188958136145204
random_forest,JFT2M,69,0.45025392554319454,-2.9922478420116705,0.013091761171365205,True,5.434784443628557,0,0.0,0.0,-3.188958136145204
hist_gradient_boosting,JFT2M,69,0.23418446081860614,-0.0799872481676791,0.003816649306802119,True,5.434784443628557,0,0.0,0.0,-3.188958136145204
ridge_log_quadratic,JFT2M,69,0.12322318070560563,0.7009889013519951,0.002453995109164371,True,5.434784443628557,0,0.0,0.0,-3.188958136145204
ipb98y2_analytic,PBXM,59,0.17167843282810225,0.3138893502354153,0.006784458693358055,False,10.18020691511417,1,0.0,0.0,-2.908551678137992
mean_baseline,PBXM,59,1.0079964906077226,-22.65269983035619,0.07783469389810485,True,10.18020691511417,1,0.0,0.0,-2.908551678137992
ridge_loglinear,PBXM,59,0.27410976868517906,-0.7490881860194585,0.011784094680070275,True,10.18020691511417,1,0.0,0.0,-2.908551678137992
random_forest,PBXM,59,0.7273766020265497,-11.316330477491032,0.023997340247039676,True,10.18020691511417,1,0.0,0.0,-2.908551678137992
hist_gradient_boosting,PBXM,59,0.5587897073538394,-6.268745716782309,0.020089966214787185,True,10.18020691511417,1,0.0,0.0,-2.908551678137992
ridge_log_quadratic,PBXM,59,0.23783534388560798,-0.31678681192705316,0.009722916141197675,True,10.18020691511417,1,0.0,0.0,-2.908551678137992
ipb98y2_analytic,CMOD,45,0.1193554844659295,0.4744586991937786,0.005763779410542274,False,6.937744525296737,2,0.0,0.0,-2.692593064077178
mean_baseline,CMOD,45,0.7467272215466353,-19.570557356722187,0.06395019685316979,True,6.937744525296737,2,0.0,0.0,-2.692593064077178
ridge_loglinear,CMOD,45,0.17281698025423575,-0.10178007996759031,0.00858195996811408,True,6.937744525296737,2,0.0,0.0,-2.692593064077178
random_forest,CMOD,45,0.5214357323031034,-9.030525102305468,0.03852698202468063,True,6.937744525296737,2,0.0,0.0,-2.692593064077178
hist_gradient_boosting,CMOD,45,0.568711558029444,-10.931806480111879,0.044989166774290594,True,6.937744525296737,2,0.0,0.0,-2.692593064077178
ridge_log_quadratic,CMOD,45,1.083009024429157,-42.269935002486164,0.0404645099908964,True,6.937744525296737,2,0.0,0.0,-2.692593064077178
ipb98y2_analytic,MAST,39,0.1364310264879828,0.40432459030573853,0.003948205430901035,False,5.375921749336576,0,0.0,0.0,-3.2661988735375234
mean_baseline,MAST,39,1.2460596885368236,-48.689093226606616,0.08839798995386468,True,5.375921749336576,0,0.0,0.0,-3.2661988735375234
ridge_loglinear,MAST,39,0.15362321385492766,0.24473897838027747,0.004535541178211001,True,5.375921749336576,0,0.0,0.0,-3.2661988735375234
random_forest,MAST,39,0.5808719215353065,-9.79802047058919,0.01594963734964471,True,5.375921749336576,0,0.0,0.0,-3.2661988735375234
hist_gradient_boosting,MAST,39,0.3168100380019187,-2.2120422259021866,0.009883053090596864,True,5.375921749336576,0,0.0,0.0,-3.2661988735375234
ridge_log_quadratic,MAST,39,0.15135644462181683,0.2668628720149627,0.004178348605845162,True,5.375921749336576,0,0.0,0.0,-3.2661988735375234
