arm,tokamak,model_name,n_held_out_rows,rmsle
baseline,JET,ipb98y2_analytic,1762,0.14786640407873294
baseline,JET,ridge_loglinear,1762,0.1979097980970751
baseline,JET,random_forest,1762,0.4779851207032848
baseline,JET,hist_gradient_boosting,1762,0.4867978709251852
baseline,AUG,ipb98y2_analytic,1377,0.1973676563878414
baseline,AUG,ridge_loglinear,1377,0.21552600328195384
baseline,AUG,random_forest,1377,0.27930960871770744
baseline,AUG,hist_gradient_boosting,1377,0.2812302860575839
baseline,JETILW,ipb98y2_analytic,866,0.256629652478898
baseline,JETILW,ridge_loglinear,866,0.21586955727909324
baseline,JETILW,random_forest,866,0.31834579995994233
baseline,JETILW,hist_gradient_boosting,866,0.2439381925302502
baseline,AUGW,ipb98y2_analytic,767,0.21832511500257962
baseline,AUGW,ridge_loglinear,767,0.2074398929329735
baseline,AUGW,random_forest,767,0.21949249274400942
baseline,AUGW,hist_gradient_boosting,767,0.21219271101172096
baseline,ASDEX,ipb98y2_analytic,431,0.13144904229087115
baseline,ASDEX,ridge_loglinear,431,0.1935999461699966
baseline,ASDEX,random_forest,431,0.5067383872546776
baseline,ASDEX,hist_gradient_boosting,431,0.20697949141905117
baseline,D3D,ipb98y2_analytic,388,0.25193607071646484
baseline,D3D,ridge_loglinear,388,0.2512433460586729
baseline,D3D,random_forest,388,0.4059948133516858
baseline,D3D,hist_gradient_boosting,388,0.24573867969801805
baseline,NSTX,ipb98y2_analytic,185,0.22222938608255652
baseline,NSTX,ridge_loglinear,185,0.28907712742060465
baseline,NSTX,random_forest,185,0.8573763614997421
baseline,NSTX,hist_gradient_boosting,185,0.6857023422989421
baseline,JT60U,ipb98y2_analytic,100,0.2748479842757165
baseline,JT60U,ridge_loglinear,100,0.2853670935561867
baseline,JT60U,random_forest,100,0.29120318766011555
baseline,JT60U,hist_gradient_boosting,100,0.30701737969020504
baseline,PDX,ipb98y2_analytic,97,0.2270798419649088
baseline,PDX,ridge_loglinear,97,0.23277730351044704
baseline,PDX,random_forest,97,0.40722559027110555
baseline,PDX,hist_gradient_boosting,97,0.3227021134914512
baseline,JFT2M,ipb98y2_analytic,69,0.0945692941473851
baseline,JFT2M,ridge_loglinear,69,0.09362793859749098
baseline,JFT2M,random_forest,69,0.4502539255431946
baseline,JFT2M,hist_gradient_boosting,69,0.23418446081860614
baseline,PBXM,ipb98y2_analytic,59,0.17167843282810225
baseline,PBXM,ridge_loglinear,59,0.27410976868517906
baseline,PBXM,random_forest,59,0.7273766020265495
baseline,PBXM,hist_gradient_boosting,59,0.5587897073538394
baseline,CMOD,ipb98y2_analytic,45,0.1193554844659295
baseline,CMOD,ridge_loglinear,45,0.17281698025423575
baseline,CMOD,random_forest,45,0.5214357323031032
baseline,CMOD,hist_gradient_boosting,45,0.568711558029444
baseline,MAST,ipb98y2_analytic,39,0.1364310264879828
baseline,MAST,ridge_loglinear,39,0.15362321385492766
baseline,MAST,random_forest,39,0.5808719215353065
baseline,MAST,hist_gradient_boosting,39,0.3168100380019187
conventional_aspect_ratio,JET,ipb98y2_analytic,1762,0.14786640407873294
conventional_aspect_ratio,JET,ridge_loglinear,1762,0.21162773022324716
conventional_aspect_ratio,JET,random_forest,1762,0.47389588416674955
conventional_aspect_ratio,JET,hist_gradient_boosting,1762,0.45959754237258593
conventional_aspect_ratio,AUG,ipb98y2_analytic,1377,0.1973676563878414
conventional_aspect_ratio,AUG,ridge_loglinear,1377,0.206748771956278
conventional_aspect_ratio,AUG,random_forest,1377,0.2805576161619292
conventional_aspect_ratio,AUG,hist_gradient_boosting,1377,0.3084682776269563
conventional_aspect_ratio,JETILW,ipb98y2_analytic,866,0.256629652478898
conventional_aspect_ratio,JETILW,ridge_loglinear,866,0.20987345039313282
conventional_aspect_ratio,JETILW,random_forest,866,0.31764857596629803
conventional_aspect_ratio,JETILW,hist_gradient_boosting,866,0.22935865281110393
conventional_aspect_ratio,AUGW,ipb98y2_analytic,767,0.21832511500257962
conventional_aspect_ratio,AUGW,ridge_loglinear,767,0.2022737679790901
conventional_aspect_ratio,AUGW,random_forest,767,0.21413285450814254
conventional_aspect_ratio,AUGW,hist_gradient_boosting,767,0.19212981866368345
conventional_aspect_ratio,ASDEX,ipb98y2_analytic,431,0.13144904229087115
conventional_aspect_ratio,ASDEX,ridge_loglinear,431,0.28831851253531837
conventional_aspect_ratio,ASDEX,random_forest,431,0.31159164989627
conventional_aspect_ratio,ASDEX,hist_gradient_boosting,431,0.20353584080938578
conventional_aspect_ratio,D3D,ipb98y2_analytic,388,0.25193607071646484
conventional_aspect_ratio,D3D,ridge_loglinear,388,0.22244623924900847
conventional_aspect_ratio,D3D,random_forest,388,0.30012345535907514
conventional_aspect_ratio,D3D,hist_gradient_boosting,388,0.26922879670608757
conventional_aspect_ratio,JT60U,ipb98y2_analytic,100,0.2748479842757165
conventional_aspect_ratio,JT60U,ridge_loglinear,100,0.23859630316029934
conventional_aspect_ratio,JT60U,random_forest,100,0.2857756361044416
conventional_aspect_ratio,JT60U,hist_gradient_boosting,100,0.2771467749625896
conventional_aspect_ratio,PDX,ipb98y2_analytic,97,0.2270798419649088
conventional_aspect_ratio,PDX,ridge_loglinear,97,0.32125362749249686
conventional_aspect_ratio,PDX,random_forest,97,0.40336461996673556
conventional_aspect_ratio,PDX,hist_gradient_boosting,97,0.39610797589132885
conventional_aspect_ratio,JFT2M,ipb98y2_analytic,69,0.0945692941473851
conventional_aspect_ratio,JFT2M,ridge_loglinear,69,0.09702793823753691
conventional_aspect_ratio,JFT2M,random_forest,69,0.3416029279635604
conventional_aspect_ratio,JFT2M,hist_gradient_boosting,69,0.23116938386712446
conventional_aspect_ratio,PBXM,ipb98y2_analytic,59,0.17167843282810225
conventional_aspect_ratio,PBXM,ridge_loglinear,59,0.17013114055674938
conventional_aspect_ratio,PBXM,random_forest,59,0.6538711654343153
conventional_aspect_ratio,PBXM,hist_gradient_boosting,59,0.4935486830487834
conventional_aspect_ratio,CMOD,ipb98y2_analytic,45,0.1193554844659295
conventional_aspect_ratio,CMOD,ridge_loglinear,45,0.16866056212340536
conventional_aspect_ratio,CMOD,random_forest,45,0.7571968719413962
conventional_aspect_ratio,CMOD,hist_gradient_boosting,45,0.2818026232827218
equal_label_weights,JET,ipb98y2_analytic,1762,0.14786640407873294
equal_label_weights,JET,ridge_loglinear,1762,0.2127899729871416
equal_label_weights,JET,random_forest,1762,0.47204173327013377
equal_label_weights,JET,hist_gradient_boosting,1762,0.5157206869027021
equal_label_weights,AUG,ipb98y2_analytic,1377,0.1973676563878414
equal_label_weights,AUG,ridge_loglinear,1377,0.2168678329498827
equal_label_weights,AUG,random_forest,1377,0.30159032310725553
equal_label_weights,AUG,hist_gradient_boosting,1377,0.30408735223854183
equal_label_weights,JETILW,ipb98y2_analytic,866,0.256629652478898
equal_label_weights,JETILW,ridge_loglinear,866,0.25444405971785106
equal_label_weights,JETILW,random_forest,866,0.30583919663368014
equal_label_weights,JETILW,hist_gradient_boosting,866,0.2593261457312423
equal_label_weights,AUGW,ipb98y2_analytic,767,0.21832511500257962
equal_label_weights,AUGW,ridge_loglinear,767,0.28834962929562696
equal_label_weights,AUGW,random_forest,767,0.22181913872433504
equal_label_weights,AUGW,hist_gradient_boosting,767,0.2111690699113193
equal_label_weights,ASDEX,ipb98y2_analytic,431,0.13144904229087115
equal_label_weights,ASDEX,ridge_loglinear,431,0.1303517415743956
equal_label_weights,ASDEX,random_forest,431,0.4727755836495771
equal_label_weights,ASDEX,hist_gradient_boosting,431,0.22399820793799521
equal_label_weights,D3D,ipb98y2_analytic,388,0.25193607071646484
equal_label_weights,D3D,ridge_loglinear,388,0.29878606769985283
equal_label_weights,D3D,random_forest,388,0.38548448542116526
equal_label_weights,D3D,hist_gradient_boosting,388,0.30452873509087114
equal_label_weights,NSTX,ipb98y2_analytic,185,0.22222938608255652
equal_label_weights,NSTX,ridge_loglinear,185,0.19539647451267345
equal_label_weights,NSTX,random_forest,185,1.0047263293963524
equal_label_weights,NSTX,hist_gradient_boosting,185,0.6681087295376837
equal_label_weights,JT60U,ipb98y2_analytic,100,0.2748479842757165
equal_label_weights,JT60U,ridge_loglinear,100,0.252822824297884
equal_label_weights,JT60U,random_forest,100,0.2633983843703685
equal_label_weights,JT60U,hist_gradient_boosting,100,0.22707112736676804
equal_label_weights,PDX,ipb98y2_analytic,97,0.2270798419649088
equal_label_weights,PDX,ridge_loglinear,97,0.20932206608533385
equal_label_weights,PDX,random_forest,97,0.41592546013401455
equal_label_weights,PDX,hist_gradient_boosting,97,0.3270966607258616
equal_label_weights,JFT2M,ipb98y2_analytic,69,0.0945692941473851
equal_label_weights,JFT2M,ridge_loglinear,69,0.24940641392907456
equal_label_weights,JFT2M,random_forest,69,0.3236972449027844
equal_label_weights,JFT2M,hist_gradient_boosting,69,0.3967678134943826
equal_label_weights,PBXM,ipb98y2_analytic,59,0.17167843282810225
equal_label_weights,PBXM,ridge_loglinear,59,0.4151656488677766
equal_label_weights,PBXM,random_forest,59,0.5541417094802249
equal_label_weights,PBXM,hist_gradient_boosting,59,0.5278485065072684
equal_label_weights,CMOD,ipb98y2_analytic,45,0.1193554844659295
equal_label_weights,CMOD,ridge_loglinear,45,0.42139843698365104
equal_label_weights,CMOD,random_forest,45,0.6514899797539886
equal_label_weights,CMOD,hist_gradient_boosting,45,0.41342288821893325
equal_label_weights,MAST,ipb98y2_analytic,39,0.1364310264879828
equal_label_weights,MAST,ridge_loglinear,39,0.2176508419610476
equal_label_weights,MAST,random_forest,39,0.4383791048197369
equal_label_weights,MAST,hist_gradient_boosting,39,0.4441727545667316
