degree,alpha,tokamak,n_held_out_rows,rmsle,feature_mahalanobis
1,0.001,JET,1762,0.1973906097840931,2.189768389167002
1,0.001,AUG,1377,0.21563135707260447,1.2399939601552896
1,0.001,JETILW,866,0.2157716512185195,1.7024302608804454
1,0.001,AUGW,767,0.20713608203836312,1.6457652294950753
1,0.001,ASDEX,431,0.19388647927516453,5.187342932450245
1,0.001,D3D,388,0.25131838705518394,1.1410663145491857
1,0.001,NSTX,185,0.28904868830436087,7.8308993076380045
1,0.001,JT60U,100,0.28543667486087493,2.483394451114324
1,0.001,PDX,97,0.23290180713588862,4.045943810544166
1,0.001,JFT2M,69,0.09369676199399278,5.434784443628557
1,0.001,PBXM,59,0.27481620482618163,10.18020691511417
1,0.001,CMOD,45,0.17196228510161565,6.937744525296737
1,0.001,MAST,39,0.1538423575021249,5.375921749336576
1,0.01,JET,1762,0.19739528240646506,2.189768389167002
1,0.01,AUG,1377,0.21563040162042507,1.2399939601552896
1,0.01,JETILW,866,0.2157725321555903,1.7024302608804454
1,0.01,AUGW,767,0.2071388267326443,1.6457652294950753
1,0.01,ASDEX,431,0.19388389116005575,5.187342932450245
1,0.01,D3D,388,0.2513177070656488,1.1410663145491857
1,0.01,NSTX,185,0.28904892878081306,7.8308993076380045
1,0.01,JT60U,100,0.2854360437693229,2.483394451114324
1,0.01,PDX,97,0.23290067472904477,4.045943810544166
1,0.01,JFT2M,69,0.09369612399487584,5.434784443628557
1,0.01,PBXM,59,0.2748098069377869,10.18020691511417
1,0.01,CMOD,45,0.17196999187792533,6.937744525296737
1,0.01,MAST,39,0.1538403710421674,5.375921749336576
1,0.1,JET,1762,0.19744201344054116,2.189768389167002
1,0.1,AUG,1377,0.21562085344092644,1.2399939601552896
1,0.1,JETILW,866,0.21578134263281354,1.7024302608804454
1,0.1,AUGW,767,0.20716626597315815,1.6457652294950753
1,0.1,ASDEX,431,0.19385801675929568,5.187342932450245
1,0.1,D3D,388,0.25131091113124954,1.1410663145491857
1,0.1,NSTX,185,0.28905134933808696,7.8308993076380045
1,0.1,JT60U,100,0.2854297371017758,2.483394451114324
1,0.1,PDX,97,0.23288936146341,4.045943810544166
1,0.1,JFT2M,69,0.09368976205111561,5.434784443628557
1,0.1,PBXM,59,0.27474586180647537,10.18020691511417
1,0.1,CMOD,45,0.17204705286654176,6.937744525296737
1,0.1,MAST,39,0.15382051869088864,5.375921749336576
1,1.0,JET,1762,0.19790979809707568,2.189768389167002
1,1.0,AUG,1377,0.21552600328195776,1.2399939601552896
1,1.0,JETILW,866,0.21586955727909224,1.7024302608804454
1,1.0,AUGW,767,0.20743989293297402,1.6457652294950753
1,1.0,ASDEX,431,0.19359994616999363,5.187342932450245
1,1.0,D3D,388,0.25124334605867177,1.1410663145491857
1,1.0,NSTX,185,0.2890771274206093,7.8308993076380045
1,1.0,JT60U,100,0.2853670935561869,2.483394451114324
1,1.0,PDX,97,0.23277730351045062,4.045943810544166
1,1.0,JFT2M,69,0.09362793859749076,5.434784443628557
1,1.0,PBXM,59,0.27410976868518006,10.18020691511417
1,1.0,CMOD,45,0.17281698025423428,6.937744525296737
1,1.0,MAST,39,0.1536232138549273,5.375921749336576
1,10.0,JET,1762,0.2026287598571147,2.189768389167002
1,10.0,AUG,1377,0.2146382483786843,1.2399939601552896
1,10.0,JETILW,866,0.21676195503388107,1.7024302608804454
1,10.0,AUGW,767,0.21010412539451134,1.6457652294950753
1,10.0,ASDEX,431,0.19108504164630125,5.187342932450245
1,10.0,D3D,388,0.2506054171213496,1.1410663145491857
1,10.0,NSTX,185,0.28948565627095757,7.8308993076380045
1,10.0,JT60U,100,0.2847813712700661,2.483394451114324
1,10.0,PDX,97,0.23175888117726573,4.045943810544166
1,10.0,JFT2M,69,0.09318080989291522,5.434784443628557
1,10.0,PBXM,59,0.2680683980246291,10.18020691511417
1,10.0,CMOD,45,0.18044357715915435,6.937744525296737
1,10.0,MAST,39,0.15176616635557347,5.375921749336576
1,100.0,JET,1762,0.2501825793152584,2.189768389167002
1,100.0,AUG,1377,0.21032253481456545,1.2399939601552896
1,100.0,JETILW,866,0.22622808517568643,1.7024302608804454
1,100.0,AUGW,767,0.23229252970014508,1.6457652294950753
1,100.0,ASDEX,431,0.17146502022117735,5.187342932450245
1,100.0,D3D,388,0.2469686764082387,1.1410663145491857
1,100.0,NSTX,185,0.3039740316794734,7.8308993076380045
1,100.0,JT60U,100,0.281858412403753,2.483394451114324
1,100.0,PDX,97,0.22824804668106302,4.045943810544166
1,100.0,JFT2M,69,0.09947445807515769,5.434784443628557
1,100.0,PBXM,59,0.22879796729934287,10.18020691511417
1,100.0,CMOD,45,0.2481423933852554,6.937744525296737
1,100.0,MAST,39,0.14086299032132912,5.375921749336576
1,1000.0,JET,1762,0.5094594603953125,2.189768389167002
1,1000.0,AUG,1377,0.2558630830045158,1.2399939601552896
1,1000.0,JETILW,866,0.29093980700354055,1.7024302608804454
1,1000.0,AUGW,767,0.3527394878381643,1.6457652294950753
1,1000.0,ASDEX,431,0.2112755992558553,5.187342932450245
1,1000.0,D3D,388,0.278039981306831,1.1410663145491857
1,1000.0,NSTX,185,0.5412445893903619,7.8308993076380045
1,1000.0,JT60U,100,0.2995609271219209,2.483394451114324
1,1000.0,PDX,97,0.2822235775102247,4.045943810544166
1,1000.0,JFT2M,69,0.18524789309716638,5.434784443628557
1,1000.0,PBXM,59,0.18452653787126858,10.18020691511417
1,1000.0,CMOD,45,0.5128238510553547,6.937744525296737
1,1000.0,MAST,39,0.15205064291256862,5.375921749336576
1,10000.0,JET,1762,0.9215151838064893,2.189768389167002
1,10000.0,AUG,1377,0.3474614656777902,1.2399939601552896
1,10000.0,JETILW,866,0.2460013647355254,1.7024302608804454
1,10000.0,AUGW,767,0.5456297071846143,1.6457652294950753
1,10000.0,ASDEX,431,0.6789508829126126,5.187342932450245
1,10000.0,D3D,388,0.3615557182116461,1.1410663145491857
1,10000.0,NSTX,185,1.03272998932139,7.8308993076380045
1,10000.0,JT60U,100,0.25378255455598375,2.483394451114324
1,10000.0,PDX,97,0.5872000923418698,4.045943810544166
1,10000.0,JFT2M,69,0.3088765714552351,5.434784443628557
1,10000.0,PBXM,59,0.3358845796547028,10.18020691511417
1,10000.0,CMOD,45,0.30547843558622984,6.937744525296737
1,10000.0,MAST,39,0.4572532282601688,5.375921749336576
1,100000.0,JET,1762,1.3086718685053453,2.189768389167002
1,100000.0,AUG,1377,0.45854772739760413,1.2399939601552896
1,100000.0,JETILW,866,0.450585665403146,1.7024302608804454
1,100000.0,AUGW,767,0.6872651066238269,1.6457652294950753
1,100000.0,ASDEX,431,1.2377010623685152,5.187342932450245
1,100000.0,D3D,388,0.3877897446727161,1.1410663145491857
1,100000.0,NSTX,185,1.2778727860579215,7.8308993076380045
1,100000.0,JT60U,100,0.3916745845747547,2.483394451114324
1,100000.0,PDX,97,1.2036176882605287,4.045943810544166
1,100000.0,JFT2M,69,1.2697926225453917,5.434784443628557
1,100000.0,PBXM,59,0.8157304372365645,10.18020691511417
1,100000.0,CMOD,45,0.5083730955481977,6.937744525296737
1,100000.0,MAST,39,1.050160669849818,5.375921749336576
2,0.001,JET,1762,0.29005979522321473,2.189768389167002
2,0.001,AUG,1377,0.19932432579336312,1.2399939601552896
2,0.001,JETILW,866,0.1916373703574769,1.7024302608804454
2,0.001,AUGW,767,0.1826784516148747,1.6457652294950753
2,0.001,ASDEX,431,0.38689501942921056,5.187342932450245
2,0.001,D3D,388,0.20280399125075851,1.1410663145491857
2,0.001,NSTX,185,0.23182218899047485,7.8308993076380045
2,0.001,JT60U,100,0.25535678494721686,2.483394451114324
2,0.001,PDX,97,0.3415192404107765,4.045943810544166
2,0.001,JFT2M,69,0.12387602033527476,5.434784443628557
2,0.001,PBXM,59,0.2760404520725531,10.18020691511417
2,0.001,CMOD,45,1.0694716826055506,6.937744525296737
2,0.001,MAST,39,0.1677920576595302,5.375921749336576
2,0.01,JET,1762,0.2899528297574452,2.189768389167002
2,0.01,AUG,1377,0.19934074055449055,1.2399939601552896
2,0.01,JETILW,866,0.1916511418184504,1.7024302608804454
2,0.01,AUGW,767,0.1828202726900208,1.6457652294950753
2,0.01,ASDEX,431,0.3873781597536293,5.187342932450245
2,0.01,D3D,388,0.20268868203685578,1.1410663145491857
2,0.01,NSTX,185,0.2320750758645974,7.8308993076380045
2,0.01,JT60U,100,0.25526732189116835,2.483394451114324
2,0.01,PDX,97,0.3412989941970349,4.045943810544166
2,0.01,JFT2M,69,0.12386437967141684,5.434784443628557
2,0.01,PBXM,59,0.27541088364690774,10.18020691511417
2,0.01,CMOD,45,1.0697086707569818,6.937744525296737
2,0.01,MAST,39,0.16754784946559714,5.375921749336576
2,0.1,JET,1762,0.28891125864130673,2.189768389167002
2,0.1,AUG,1377,0.1995135753854089,1.2399939601552896
2,0.1,JETILW,866,0.1917793376285411,1.7024302608804454
2,0.1,AUGW,767,0.18412172766898774,1.6457652294950753
2,0.1,ASDEX,431,0.3916735315386335,5.187342932450245
2,0.1,D3D,388,0.20167088666014998,1.1410663145491857
2,0.1,NSTX,185,0.23456668297248315,7.8308993076380045
2,0.1,JT60U,100,0.25445036307952396,2.483394451114324
2,0.1,PDX,97,0.33937220484654607,4.045943810544166
2,0.1,JFT2M,69,0.12375248135848543,5.434784443628557
2,0.1,PBXM,59,0.2695836705376366,10.18020691511417
2,0.1,CMOD,45,1.071879464724129,6.937744525296737
2,0.1,MAST,39,0.16525980307026192,5.375921749336576
2,1.0,JET,1762,0.28085664764617563,2.189768389167002
2,1.0,AUG,1377,0.20089450647973633,1.2399939601552896
2,1.0,JETILW,866,0.1922067955521859,1.7024302608804454
2,1.0,AUGW,767,0.1910214405829701,1.6457652294950753
2,1.0,ASDEX,431,0.4053897620089405,5.187342932450245
2,1.0,D3D,388,0.1976170144134344,1.1410663145491857
2,1.0,NSTX,185,0.25073807032747275,7.8308993076380045
2,1.0,JT60U,100,0.25035141948825484,2.483394451114324
2,1.0,PDX,97,0.3316730481922763,4.045943810544166
2,1.0,JFT2M,69,0.12322318070560927,5.434784443628557
2,1.0,PBXM,59,0.2378353438856103,10.18020691511417
2,1.0,CMOD,45,1.0830090244291675,6.937744525296737
2,1.0,MAST,39,0.15135644462181652,5.375921749336576
2,10.0,JET,1762,0.25861739912396475,2.189768389167002
2,10.0,AUG,1377,0.20224070116331266,1.2399939601552896
2,10.0,JETILW,866,0.18862610047345307,1.7024302608804454
2,10.0,AUGW,767,0.19863261137081004,1.6457652294950753
2,10.0,ASDEX,431,0.33879575722906624,5.187342932450245
2,10.0,D3D,388,0.1989811189026043,1.1410663145491857
2,10.0,NSTX,185,0.251765336454933,7.8308993076380045
2,10.0,JT60U,100,0.25160528243324864,2.483394451114324
2,10.0,PDX,97,0.32846702150146917,4.045943810544166
2,10.0,JFT2M,69,0.12571000304369015,5.434784443628557
2,10.0,PBXM,59,0.2279071360382546,10.18020691511417
2,10.0,CMOD,45,1.0739802585972364,6.937744525296737
2,10.0,MAST,39,0.1269378734421288,5.375921749336576
2,100.0,JET,1762,0.2593242353394592,2.189768389167002
2,100.0,AUG,1377,0.19876831643670986,1.2399939601552896
2,100.0,JETILW,866,0.18209656429965532,1.7024302608804454
2,100.0,AUGW,767,0.20069590885953428,1.6457652294950753
2,100.0,ASDEX,431,0.2477913613640927,5.187342932450245
2,100.0,D3D,388,0.20865984876630167,1.1410663145491857
2,100.0,NSTX,185,0.2235779419894985,7.8308993076380045
2,100.0,JT60U,100,0.26350834280938995,2.483394451114324
2,100.0,PDX,97,0.32659383338328496,4.045943810544166
2,100.0,JFT2M,69,0.1069667476162761,5.434784443628557
2,100.0,PBXM,59,0.31239767334742224,10.18020691511417
2,100.0,CMOD,45,0.9045175568780423,6.937744525296737
2,100.0,MAST,39,0.12054832892616738,5.375921749336576
2,1000.0,JET,1762,0.33855535826121136,2.189768389167002
2,1000.0,AUG,1377,0.20670337679876644,1.2399939601552896
2,1000.0,JETILW,866,0.20763982587981372,1.7024302608804454
2,1000.0,AUGW,767,0.22285979128959954,1.6457652294950753
2,1000.0,ASDEX,431,0.20342016860223305,5.187342932450245
2,1000.0,D3D,388,0.22050901505274006,1.1410663145491857
2,1000.0,NSTX,185,0.2557385365922107,7.8308993076380045
2,1000.0,JT60U,100,0.252951726703474,2.483394451114324
2,1000.0,PDX,97,0.323750564498126,4.045943810544166
2,1000.0,JFT2M,69,0.15612035367876545,5.434784443628557
2,1000.0,PBXM,59,0.3764627933265181,10.18020691511417
2,1000.0,CMOD,45,0.8146681514629319,6.937744525296737
2,1000.0,MAST,39,0.1641655031465965,5.375921749336576
2,10000.0,JET,1762,0.6150892030671631,2.189768389167002
2,10000.0,AUG,1377,0.28043772580424464,1.2399939601552896
2,10000.0,JETILW,866,0.3369274656123702,1.7024302608804454
2,10000.0,AUGW,767,0.35459110931380156,1.6457652294950753
2,10000.0,ASDEX,431,0.3049274196127785,5.187342932450245
2,10000.0,D3D,388,0.2988761403723945,1.1410663145491857
2,10000.0,NSTX,185,0.6812168858644768,7.8308993076380045
2,10000.0,JT60U,100,0.2551438826461704,2.483394451114324
2,10000.0,PDX,97,0.41307980238458214,4.045943810544166
2,10000.0,JFT2M,69,0.20895188840158951,5.434784443628557
2,10000.0,PBXM,59,0.27329290552285745,10.18020691511417
2,10000.0,CMOD,45,0.8330794748741677,6.937744525296737
2,10000.0,MAST,39,0.3231790701823228,5.375921749336576
2,100000.0,JET,1762,1.0224070076936311,2.189768389167002
2,100000.0,AUG,1377,0.3486231798717284,1.2399939601552896
2,100000.0,JETILW,866,0.2512063924134806,1.7024302608804454
2,100000.0,AUGW,767,0.5538563157722113,1.6457652294950753
2,100000.0,ASDEX,431,0.8331904705840618,5.187342932450245
2,100000.0,D3D,388,0.36331918286025217,1.1410663145491857
2,100000.0,NSTX,185,1.0136811855336596,7.8308993076380045
2,100000.0,JT60U,100,0.234321989401399,2.483394451114324
2,100000.0,PDX,97,0.787488410788089,4.045943810544166
2,100000.0,JFT2M,69,0.7092857107678254,5.434784443628557
2,100000.0,PBXM,59,0.306267149975976,10.18020691511417
2,100000.0,CMOD,45,0.21403601836804084,6.937744525296737
2,100000.0,MAST,39,0.7031194981071874,5.375921749336576
3,0.001,JET,1762,0.698703173731069,2.189768389167002
3,0.001,AUG,1377,0.2656010304293142,1.2399939601552896
3,0.001,JETILW,866,0.21028479374138315,1.7024302608804454
3,0.001,AUGW,767,0.1705480815652018,1.6457652294950753
3,0.001,ASDEX,431,1.0024083663011547,5.187342932450245
3,0.001,D3D,388,0.3679169847417042,1.1410663145491857
3,0.001,NSTX,185,2.8771058742808497,7.8308993076380045
3,0.001,JT60U,100,0.2680118395620681,2.483394451114324
3,0.001,PDX,97,0.6383836782219466,4.045943810544166
3,0.001,JFT2M,69,0.7324939594021396,5.434784443628557
3,0.001,PBXM,59,2.634983661893376,10.18020691511417
3,0.001,CMOD,45,4.931134498787066,6.937744525296737
3,0.001,MAST,39,0.2397841579618325,5.375921749336576
3,0.01,JET,1762,0.6302945067931005,2.189768389167002
3,0.01,AUG,1377,0.2456507009240621,1.2399939601552896
3,0.01,JETILW,866,0.21089639912629113,1.7024302608804454
3,0.01,AUGW,767,0.17344021902631732,1.6457652294950753
3,0.01,ASDEX,431,0.9927136321411985,5.187342932450245
3,0.01,D3D,388,0.3564097753612339,1.1410663145491857
3,0.01,NSTX,185,2.6841874826747354,7.8308993076380045
3,0.01,JT60U,100,0.2677979704419723,2.483394451114324
3,0.01,PDX,97,0.5501711716271214,4.045943810544166
3,0.01,JFT2M,69,0.4142638725449594,5.434784443628557
3,0.01,PBXM,59,2.6955184805510535,10.18020691511417
3,0.01,CMOD,45,4.922215184559323,6.937744525296737
3,0.01,MAST,39,0.2232960324541089,5.375921749336576
3,0.1,JET,1762,0.5091298856842017,2.189768389167002
3,0.1,AUG,1377,0.23311875644043928,1.2399939601552896
3,0.1,JETILW,866,0.2098573349309442,1.7024302608804454
3,0.1,AUGW,767,0.1794052080050885,1.6457652294950753
3,0.1,ASDEX,431,0.7752171908721899,5.187342932450245
3,0.1,D3D,388,0.3280998909174493,1.1410663145491857
3,0.1,NSTX,185,2.1061254815741113,7.8308993076380045
3,0.1,JT60U,100,0.2746765817891664,2.483394451114324
3,0.1,PDX,97,0.47785834358378104,4.045943810544166
3,0.1,JFT2M,69,0.33904265698183095,5.434784443628557
3,0.1,PBXM,59,2.9715684857978526,10.18020691511417
3,0.1,CMOD,45,4.9388105805890055,6.937744525296737
3,0.1,MAST,39,0.19002858989092533,5.375921749336576
3,1.0,JET,1762,0.3935989443648975,2.189768389167002
3,1.0,AUG,1377,0.218891863055553,1.2399939601552896
3,1.0,JETILW,866,0.20566012186025298,1.7024302608804454
3,1.0,AUGW,767,0.180646528919541,1.6457652294950753
3,1.0,ASDEX,431,0.557686738078787,5.187342932450245
3,1.0,D3D,388,0.29480888855708015,1.1410663145491857
3,1.0,NSTX,185,1.446139493437604,7.8308993076380045
3,1.0,JT60U,100,0.27007248769282777,2.483394451114324
3,1.0,PDX,97,0.3538808177204183,4.045943810544166
3,1.0,JFT2M,69,0.25172821865465295,5.434784443628557
3,1.0,PBXM,59,2.1050196402470487,10.18020691511417
3,1.0,CMOD,45,4.600707818539402,6.937744525296737
3,1.0,MAST,39,0.15935307720101036,5.375921749336576
3,10.0,JET,1762,0.3519432591519986,2.189768389167002
3,10.0,AUG,1377,0.21315148289844235,1.2399939601552896
3,10.0,JETILW,866,0.19696443695566906,1.7024302608804454
3,10.0,AUGW,767,0.1813426078659039,1.6457652294950753
3,10.0,ASDEX,431,0.5096675694345428,5.187342932450245
3,10.0,D3D,388,0.25305288006980664,1.1410663145491857
3,10.0,NSTX,185,0.862014277937972,7.8308993076380045
3,10.0,JT60U,100,0.2735418070018698,2.483394451114324
3,10.0,PDX,97,0.3308580380138114,4.045943810544166
3,10.0,JFT2M,69,0.1691785690063481,5.434784443628557
3,10.0,PBXM,59,0.6672728398727217,10.18020691511417
3,10.0,CMOD,45,3.4945103652169727,6.937744525296737
3,10.0,MAST,39,0.1467683251304369,5.375921749336576
3,100.0,JET,1762,0.3268288152616822,2.189768389167002
3,100.0,AUG,1377,0.2086162977690099,1.2399939601552896
3,100.0,JETILW,866,0.18416765452028117,1.7024302608804454
3,100.0,AUGW,767,0.18546599106444814,1.6457652294950753
3,100.0,ASDEX,431,0.470579980393875,5.187342932450245
3,100.0,D3D,388,0.21293747080206074,1.1410663145491857
3,100.0,NSTX,185,0.403590382393484,7.8308993076380045
3,100.0,JT60U,100,0.3141273021653845,2.483394451114324
3,100.0,PDX,97,0.4103354082423384,4.045943810544166
3,100.0,JFT2M,69,0.2061281219045139,5.434784443628557
3,100.0,PBXM,59,0.3679025003298071,10.18020691511417
3,100.0,CMOD,45,1.823599713666211,6.937744525296737
3,100.0,MAST,39,0.2224129493629333,5.375921749336576
3,1000.0,JET,1762,0.32967439261943954,2.189768389167002
3,1000.0,AUG,1377,0.20244029559263746,1.2399939601552896
3,1000.0,JETILW,866,0.17747251534411385,1.7024302608804454
3,1000.0,AUGW,767,0.19387097801971112,1.6457652294950753
3,1000.0,ASDEX,431,0.3614808975463568,5.187342932450245
3,1000.0,D3D,388,0.21394674770344266,1.1410663145491857
3,1000.0,NSTX,185,0.20150392015084953,7.8308993076380045
3,1000.0,JT60U,100,0.3354636275256154,2.483394451114324
3,1000.0,PDX,97,0.44534987821303207,4.045943810544166
3,1000.0,JFT2M,69,0.3032512428667097,5.434784443628557
3,1000.0,PBXM,59,0.5442865435947002,10.18020691511417
3,1000.0,CMOD,45,0.8635215992820596,6.937744525296737
3,1000.0,MAST,39,0.30016209391970217,5.375921749336576
3,10000.0,JET,1762,0.4612611871584235,2.189768389167002
3,10000.0,AUG,1377,0.23457260979549435,1.2399939601552896
3,10000.0,JETILW,866,0.25300074950928264,1.7024302608804454
3,10000.0,AUGW,767,0.23780243426314393,1.6457652294950753
3,10000.0,ASDEX,431,0.19322103603670063,5.187342932450245
3,10000.0,D3D,388,0.24702572838878636,1.1410663145491857
3,10000.0,NSTX,185,0.5500069104556374,7.8308993076380045
3,10000.0,JT60U,100,0.26025941251395,2.483394451114324
3,10000.0,PDX,97,0.46647843995868526,4.045943810544166
3,10000.0,JFT2M,69,0.321960755020236,5.434784443628557
3,10000.0,PBXM,59,0.5813673778093585,10.18020691511417
3,10000.0,CMOD,45,0.8497348668921835,6.937744525296737
3,10000.0,MAST,39,0.40076817177510077,5.375921749336576
3,100000.0,JET,1762,0.7801208986290314,2.189768389167002
3,100000.0,AUG,1377,0.30161129479930626,1.2399939601552896
3,100000.0,JETILW,866,0.36151090080073583,1.7024302608804454
3,100000.0,AUGW,767,0.4114299911130808,1.6457652294950753
3,100000.0,ASDEX,431,0.5937193741998092,5.187342932450245
3,100000.0,D3D,388,0.3417148227402482,1.1410663145491857
3,100000.0,NSTX,185,0.9372413118229332,7.8308993076380045
3,100000.0,JT60U,100,0.20444749372644902,2.483394451114324
3,100000.0,PDX,97,0.6290638326893457,4.045943810544166
3,100000.0,JFT2M,69,0.5142607218903722,5.434784443628557
3,100000.0,PBXM,59,0.3641192169916451,10.18020691511417
3,100000.0,CMOD,45,0.7621474595488817,6.937744525296737
3,100000.0,MAST,39,0.6083536266260995,5.375921749336576
4,0.001,JET,1762,0.962597116336354,2.189768389167002
4,0.001,AUG,1377,0.3424073450525092,1.2399939601552896
4,0.001,JETILW,866,0.21306077225306913,1.7024302608804454
4,0.001,AUGW,767,0.19410505447239704,1.6457652294950753
4,0.001,ASDEX,431,1.25974051890753,5.187342932450245
4,0.001,D3D,388,0.4156283282624635,1.1410663145491857
4,0.001,NSTX,185,4.508613072899315,7.8308993076380045
4,0.001,JT60U,100,0.8448202653363241,2.483394451114324
4,0.001,PDX,97,0.6269969070570349,4.045943810544166
4,0.001,JFT2M,69,1.1862050726703577,5.434784443628557
4,0.001,PBXM,59,8.475961783298038,10.18020691511417
4,0.001,CMOD,45,5.408897454195322,6.937744525296737
4,0.001,MAST,39,0.5152081945226371,5.375921749336576
4,0.01,JET,1762,0.8141205991595906,2.189768389167002
4,0.01,AUG,1377,0.2728658666195771,1.2399939601552896
4,0.01,JETILW,866,0.20406925875944884,1.7024302608804454
4,0.01,AUGW,767,0.1849754652894173,1.6457652294950753
4,0.01,ASDEX,431,1.3758829395626218,5.187342932450245
4,0.01,D3D,388,0.3763847910525303,1.1410663145491857
4,0.01,NSTX,185,3.8777942139899055,7.8308993076380045
4,0.01,JT60U,100,0.8386945529380803,2.483394451114324
4,0.01,PDX,97,0.4633862062046759,4.045943810544166
4,0.01,JFT2M,69,2.1593644278023083,5.434784443628557
4,0.01,PBXM,59,4.936908326955918,10.18020691511417
4,0.01,CMOD,45,3.544524675658128,6.937744525296737
4,0.01,MAST,39,0.5162158632365575,5.375921749336576
4,0.1,JET,1762,0.5230777016421554,2.189768389167002
4,0.1,AUG,1377,0.2442017512968014,1.2399939601552896
4,0.1,JETILW,866,0.20454700858159908,1.7024302608804454
4,0.1,AUGW,767,0.1775976114478984,1.6457652294950753
4,0.1,ASDEX,431,0.7392831372292056,5.187342932450245
4,0.1,D3D,388,0.32423139060823175,1.1410663145491857
4,0.1,NSTX,185,3.7919385566874815,7.8308993076380045
4,0.1,JT60U,100,0.7471363637649185,2.483394451114324
4,0.1,PDX,97,0.33262727971493894,4.045943810544166
4,0.1,JFT2M,69,0.3004331883860513,5.434784443628557
4,0.1,PBXM,59,2.6635594593993526,10.18020691511417
4,0.1,CMOD,45,1.3951184011342421,6.937744525296737
4,0.1,MAST,39,0.3399066060215701,5.375921749336576
4,1.0,JET,1762,0.3610207932553833,2.189768389167002
4,1.0,AUG,1377,0.23043440570802942,1.2399939601552896
4,1.0,JETILW,866,0.21342470705970232,1.7024302608804454
4,1.0,AUGW,767,0.1760998027803936,1.6457652294950753
4,1.0,ASDEX,431,0.40527236545229084,5.187342932450245
4,1.0,D3D,388,0.2759985121650628,1.1410663145491857
4,1.0,NSTX,185,2.5164319713246623,7.8308993076380045
4,1.0,JT60U,100,0.6747197417446336,2.483394451114324
4,1.0,PDX,97,0.30962708523914345,4.045943810544166
4,1.0,JFT2M,69,0.9177637924765604,5.434784443628557
4,1.0,PBXM,59,2.5119437413950334,10.18020691511417
4,1.0,CMOD,45,3.5355565971481844,6.937744525296737
4,1.0,MAST,39,0.2125393926730449,5.375921749336576
4,10.0,JET,1762,0.3349246190755747,2.189768389167002
4,10.0,AUG,1377,0.2163877734295337,1.2399939601552896
4,10.0,JETILW,866,0.2102052793921987,1.7024302608804454
4,10.0,AUGW,767,0.17741982821887678,1.6457652294950753
4,10.0,ASDEX,431,0.5663792851318985,5.187342932450245
4,10.0,D3D,388,0.23743364005615866,1.1410663145491857
4,10.0,NSTX,185,1.4353779485723184,7.8308993076380045
4,10.0,JT60U,100,0.5269756259429809,2.483394451114324
4,10.0,PDX,97,0.2868708780679711,4.045943810544166
4,10.0,JFT2M,69,0.36677902984293326,5.434784443628557
4,10.0,PBXM,59,1.2578025516802729,10.18020691511417
4,10.0,CMOD,45,5.0637093059900105,6.937744525296737
4,10.0,MAST,39,0.1538070931794875,5.375921749336576
4,100.0,JET,1762,0.3451537374440642,2.189768389167002
4,100.0,AUG,1377,0.20737185064905986,1.2399939601552896
4,100.0,JETILW,866,0.20344259461124597,1.7024302608804454
4,100.0,AUGW,767,0.18116843839191424,1.6457652294950753
4,100.0,ASDEX,431,0.6727214669179098,5.187342932450245
4,100.0,D3D,388,0.20892719272700108,1.1410663145491857
4,100.0,NSTX,185,0.8798765645456259,7.8308993076380045
4,100.0,JT60U,100,0.38469643562038425,2.483394451114324
4,100.0,PDX,97,0.37258808797985477,4.045943810544166
4,100.0,JFT2M,69,0.18638332101021546,5.434784443628557
4,100.0,PBXM,59,0.6210318697051879,10.18020691511417
4,100.0,CMOD,45,3.7179921697800613,6.937744525296737
4,100.0,MAST,39,0.1778880907184002,5.375921749336576
4,1000.0,JET,1762,0.34090559523324343,2.189768389167002
4,1000.0,AUG,1377,0.202557013311081,1.2399939601552896
4,1000.0,JETILW,866,0.17886982148633476,1.7024302608804454
4,1000.0,AUGW,767,0.1886079984185545,1.6457652294950753
4,1000.0,ASDEX,431,0.53048484270108,5.187342932450245
4,1000.0,D3D,388,0.20770790355799545,1.1410663145491857
4,1000.0,NSTX,185,0.4019233979285187,7.8308993076380045
4,1000.0,JT60U,100,0.3760993725749472,2.483394451114324
4,1000.0,PDX,97,0.49189096602321536,4.045943810544166
4,1000.0,JFT2M,69,0.39631020679214535,5.434784443628557
4,1000.0,PBXM,59,0.6448792197243955,10.18020691511417
4,1000.0,CMOD,45,1.5071730383952984,6.937744525296737
4,1000.0,MAST,39,0.32016649414862697,5.375921749336576
4,10000.0,JET,1762,0.4235420628499961,2.189768389167002
4,10000.0,AUG,1377,0.213408890646694,1.2399939601552896
4,10000.0,JETILW,866,0.18681499500854912,1.7024302608804454
4,10000.0,AUGW,767,0.20632907404441161,1.6457652294950753
4,10000.0,ASDEX,431,0.298962600789519,5.187342932450245
4,10000.0,D3D,388,0.2356759377734651,1.1410663145491857
4,10000.0,NSTX,185,0.33871887446520726,7.8308993076380045
4,10000.0,JT60U,100,0.3432521970662562,2.483394451114324
4,10000.0,PDX,97,0.53667178865388,4.045943810544166
4,10000.0,JFT2M,69,0.454798489008827,5.434784443628557
4,10000.0,PBXM,59,1.0026289442093237,10.18020691511417
4,10000.0,CMOD,45,0.7249368481508053,6.937744525296737
4,10000.0,MAST,39,0.47439067074576075,5.375921749336576
4,100000.0,JET,1762,0.6509790932122078,2.189768389167002
4,100000.0,AUG,1377,0.2755425488780987,1.2399939601552896
4,100000.0,JETILW,866,0.3386135763640479,1.7024302608804454
4,100000.0,AUGW,767,0.30484782535593585,1.6457652294950753
4,100000.0,ASDEX,431,0.42103063268076846,5.187342932450245
4,100000.0,D3D,388,0.3029672529991631,1.1410663145491857
4,100000.0,NSTX,185,0.9182815373883659,7.8308993076380045
4,100000.0,JT60U,100,0.22850272397534788,2.483394451114324
4,100000.0,PDX,97,0.6206819348310416,4.045943810544166
4,100000.0,JFT2M,69,0.5244263011637701,5.434784443628557
4,100000.0,PBXM,59,0.8774754883339413,10.18020691511417
4,100000.0,CMOD,45,1.0741373592169745,6.937744525296737
4,100000.0,MAST,39,0.636094971540425,5.375921749336576
