model_name,tokamak,n_held_out_rows,rmsle,r2_log,mae_s,is_blind,arm
mean_baseline,JET,2655,2.0137958682435433,-7.821698159482633,0.44653083723454634,True,disjoint_h
ridge_loglinear,JET,2655,0.2937457502693762,0.8122999071223074,0.12939092561773943,True,disjoint_h
random_forest,JET,2655,1.0871994566388015,-1.5712230719198077,0.3454025185411961,True,disjoint_h
hist_gradient_boosting,JET,2655,1.0076729684001564,-1.2088209863152723,0.33247562003922637,True,disjoint_h
powerlaw_collisionless,JET,2655,0.25604417809027447,0.8573896276726897,0.11284557101991506,True,disjoint_h
mean_baseline,AUG,974,1.0386249427737317,-7.2219024221193,0.11340977625468472,True,disjoint_h
ridge_loglinear,AUG,974,0.24239773092032285,0.5521713004421647,0.016262180514179853,True,disjoint_h
random_forest,AUG,974,0.36560055132221236,-0.018752074483723735,0.021638917152347836,True,disjoint_h
hist_gradient_boosting,AUG,974,0.25353700738097945,0.5100660422530419,0.01498846726289242,True,disjoint_h
powerlaw_collisionless,AUG,974,0.20274554461713576,0.6867021167291774,0.012760602886229568,True,disjoint_h
mean_baseline,JFT2M,461,1.897565725831496,-20.59584269761046,0.15404405738752827,True,disjoint_h
ridge_loglinear,JFT2M,461,0.1292451407949959,0.8998144818828118,0.00331933508204252,True,disjoint_h
random_forest,JFT2M,461,0.7300081718857354,-2.196185257890122,0.015433016515858343,True,disjoint_h
hist_gradient_boosting,JFT2M,461,0.6670320706210965,-1.6685167352648973,0.014835104073288391,True,disjoint_h
powerlaw_collisionless,JFT2M,461,0.1269037104336027,0.9034115623951586,0.0032478225873217056,True,disjoint_h
mean_baseline,JT60U,287,0.46549336640414635,-0.8323668272044469,0.05734889227733705,True,disjoint_h
ridge_loglinear,JT60U,287,0.38249093104971943,-0.23716524990338983,0.05541270018311292,True,disjoint_h
random_forest,JT60U,287,0.2965072308790251,0.25654274156090473,0.031856382615252,True,disjoint_h
hist_gradient_boosting,JT60U,287,0.34419207937652896,-0.0018141743892963191,0.041478930746374106,True,disjoint_h
powerlaw_collisionless,JT60U,287,0.34697574634717365,-0.018084124367989007,0.049342561445414664,True,disjoint_h
mean_baseline,D3D,233,0.43699549092527756,-0.023079921296205397,0.04862234918291763,True,disjoint_h
ridge_loglinear,D3D,233,0.27651679743367297,0.5903634625909051,0.030391927997087544,True,disjoint_h
random_forest,D3D,233,0.5833404127793013,-0.8230550332015272,0.09199403017803066,True,disjoint_h
hist_gradient_boosting,D3D,233,0.5610763234212827,-0.6865512190100156,0.08919741077600993,True,disjoint_h
powerlaw_collisionless,D3D,233,0.27430076979854867,0.5969028731554062,0.02992614274638068,True,disjoint_h
mean_baseline,PBXM,205,1.1220209574818418,-23.481760799487255,0.10875985243131764,True,disjoint_h
ridge_loglinear,PBXM,205,0.4842062245681983,-3.559334425413743,0.021044794097349998,True,disjoint_h
random_forest,PBXM,205,0.2419151580003014,-0.13806449692806466,0.010659786185604165,True,disjoint_h
hist_gradient_boosting,PBXM,205,0.20941095239155016,0.14721511059817938,0.008511375445994208,True,disjoint_h
powerlaw_collisionless,PBXM,205,0.44647157410374955,-2.876397809905709,0.019680485459490266,True,disjoint_h
mean_baseline,ASDEX,194,1.1161175538212598,-9.28052523993256,0.10417076631618152,True,disjoint_h
ridge_loglinear,ASDEX,194,0.41181477442589304,-0.3995849811375516,0.019721200006309024,True,disjoint_h
random_forest,ASDEX,194,0.4403642414948887,-0.6003667463599713,0.02296500667707167,True,disjoint_h
hist_gradient_boosting,ASDEX,194,0.36899949046394154,-0.12369114731997666,0.01696979714381458,True,disjoint_h
powerlaw_collisionless,ASDEX,194,0.4102753013769832,-0.3891404987422191,0.019713475427269353,True,disjoint_h
mean_baseline,TFTR,102,0.4343936007369272,-3.7955064739570874,0.04928631862173196,True,disjoint_h
ridge_loglinear,TFTR,102,0.537925784618225,-6.3538093758129435,0.044484759734262413,True,disjoint_h
random_forest,TFTR,102,0.22171875107839997,-0.24931654404874903,0.019867075107583017,True,disjoint_h
hist_gradient_boosting,TFTR,102,0.26740197469336763,-0.8171754637285173,0.02248658164601548,True,disjoint_h
powerlaw_collisionless,TFTR,102,0.517949398122198,-5.817769425416189,0.043104860187794844,True,disjoint_h
mean_baseline,NSTX,67,1.6366013121301182,-19.90386413770519,0.12672566182996284,True,disjoint_h
ridge_loglinear,NSTX,67,0.4114621200471032,-0.321297164240677,0.012048804867980713,True,disjoint_h
random_forest,NSTX,67,1.1124791339852032,-8.658830213456108,0.06525588147363323,True,disjoint_h
hist_gradient_boosting,NSTX,67,0.8251184175523,-4.313410214702092,0.03841712297165092,True,disjoint_h
powerlaw_collisionless,NSTX,67,0.39965257541257504,-0.24653941700388837,0.011934617607458528,True,disjoint_h
mean_baseline,TUMAN3M,49,2.5491210937135333,-52.372298801210796,0.1482942155202178,True,disjoint_h
ridge_loglinear,TUMAN3M,49,0.3982470854615486,-0.30268732503663753,0.005529903508025096,True,disjoint_h
random_forest,TUMAN3M,49,0.3973495586754209,-0.29682222618044585,0.004186170009659733,True,disjoint_h
hist_gradient_boosting,TUMAN3M,49,0.40186321702106376,-0.32645184576729247,0.004592246274879809,True,disjoint_h
powerlaw_collisionless,TUMAN3M,49,0.39305002520649385,-0.26890945134952915,0.005405452163912174,True,disjoint_h
mean_baseline,PDX,46,1.747346509774381,-8.848282244635254,0.12571135206474923,True,disjoint_h
ridge_loglinear,PDX,46,0.3815454801372879,0.5304357342093409,0.009120557589206801,True,disjoint_h
random_forest,PDX,46,0.5761640398629455,-0.07076634198449971,0.01476995154703042,True,disjoint_h
hist_gradient_boosting,PDX,46,0.4554994273992103,0.330765866230494,0.011275700198891568,True,disjoint_h
powerlaw_collisionless,PDX,46,0.3839906397724129,0.5243979815565653,0.009148826804268541,True,disjoint_h
mean_baseline,CMOD,42,0.9437904441709326,-13.19757868913654,0.0935474538329912,True,disjoint_h
ridge_loglinear,CMOD,42,0.11337472320953179,0.7951218648830253,0.006739547846414688,True,disjoint_h
random_forest,CMOD,42,0.44175111418497404,-2.1104157322889314,0.035893574666629714,True,disjoint_h
hist_gradient_boosting,CMOD,42,0.4427435336786518,-2.124406889238277,0.0358655029034627,True,disjoint_h
powerlaw_collisionless,CMOD,42,0.1193318649764657,0.7730260640263058,0.0059912405772957625,True,disjoint_h
"IPB98(y,2)",JET,2655,0.23057848788061924,,,False,disjoint_h
"IPB98(y,2)",AUG,974,0.24192560115045356,,,False,disjoint_h
"IPB98(y,2)",JFT2M,461,0.16394656484879308,,,False,disjoint_h
"IPB98(y,2)",JT60U,287,0.3319201735106904,,,False,disjoint_h
"IPB98(y,2)",D3D,233,0.2646548974391636,,,False,disjoint_h
"IPB98(y,2)",PBXM,205,0.209449618187514,,,False,disjoint_h
"IPB98(y,2)",ASDEX,194,0.4102313765036077,,,False,disjoint_h
"IPB98(y,2)",TFTR,102,0.3978823720710255,,,False,disjoint_h
"IPB98(y,2)",NSTX,67,0.3774936220450414,,,False,disjoint_h
"IPB98(y,2)",TUMAN3M,49,0.2116962423824785,,,False,disjoint_h
"IPB98(y,2)",PDX,46,0.3581082529125683,,,False,disjoint_h
"IPB98(y,2)",CMOD,42,0.14592543859448112,,,False,disjoint_h
mean_baseline,JET,1475,2.479445141114495,-25.185691598422192,0.6940801522895557,True,non_h
ridge_loglinear,JET,1475,0.6130895598014072,-0.6010425809703315,0.3414160845544131,True,non_h
random_forest,JET,1475,1.939036063799758,-15.014995250067962,0.6513258670096365,True,non_h
hist_gradient_boosting,JET,1475,1.8870858941577773,-14.168351278645053,0.6465853798877769,True,non_h
powerlaw_collisionless,JET,1475,0.5049351499792377,-0.08599105873938084,0.2925402644130499,True,non_h
mean_baseline,TEXTOR,1435,1.7559099884471516,-58.4182292243702,0.22607091979262547,True,non_h
ridge_loglinear,TEXTOR,1435,0.5976052309450055,-5.882464608298166,0.022196888708951847,True,non_h
random_forest,TEXTOR,1435,0.7116780906070497,-8.760732220072033,0.0468141119220827,True,non_h
hist_gradient_boosting,TEXTOR,1435,0.5610643368016458,-5.066532587951972,0.03395021487271487,True,non_h
powerlaw_collisionless,TEXTOR,1435,0.4674226338362963,-3.210509802125844,0.018625055953451607,True,non_h
mean_baseline,ASDEX,630,0.5716700426371021,-14.32590391394524,0.06615209559608375,True,non_h
ridge_loglinear,ASDEX,630,0.13638622342624734,0.1276791815653353,0.009907140921504711,True,non_h
random_forest,ASDEX,630,0.519128516090125,-11.638193514112647,0.03059809313027942,True,non_h
hist_gradient_boosting,ASDEX,630,0.5711851972197491,-14.299918493471026,0.035469553126904946,True,non_h
powerlaw_collisionless,ASDEX,630,0.14284649152593418,0.04308274492957753,0.010463398617100226,True,non_h
mean_baseline,JFT2M,265,1.2774439274430858,-32.25448553378671,0.11148487909008307,True,non_h
ridge_loglinear,JFT2M,265,0.14118629095214708,0.5937890750025784,0.005088237992895579,True,non_h
random_forest,JFT2M,265,0.5697035906166155,-5.614004018226738,0.02933535441323951,True,non_h
hist_gradient_boosting,JFT2M,265,0.5469072823669922,-5.09528411227584,0.01815915591163103,True,non_h
powerlaw_collisionless,JFT2M,265,0.1418088426694633,0.5901988559768303,0.005218576564262396,True,non_h
mean_baseline,D3D,38,0.6586450614289479,-0.25032914071853707,0.07620041079448536,True,non_h
ridge_loglinear,D3D,38,0.5692522177460618,0.06603428051760074,0.07401657012599501,True,non_h
random_forest,D3D,38,0.610486352008122,-0.07417092310993523,0.061997123629888615,True,non_h
hist_gradient_boosting,D3D,38,0.6876608390313594,-0.3629190415422192,0.0701957518962745,True,non_h
powerlaw_collisionless,D3D,38,0.45605319024479624,0.40055068290923823,0.05557928387465168,True,non_h
ITER89-P,JET,1475,0.35191862640009236,,,False,non_h
ITER89-P,TEXTOR,1435,0.4238271105403414,,,False,non_h
ITER89-P,ASDEX,630,0.37454430132773164,,,False,non_h
ITER89-P,JFT2M,265,0.3918829596723977,,,False,non_h
ITER89-P,D3D,38,0.3670339094826391,,,False,non_h
